company_name,category,address,website_url,phone_number,email_address
"Grannies, Squares and Stitches. A Morning of Creativity and Community","Adult Art, Craft and Making, Art, Craft & Making","West Cork Collective, Main St",https://emmajacobsart.com,0858263872,emma@emmajacobsart.com
ART JAM STUDIO,"Adult Art, Craft and Making, Art, Craft & Making, Painting, Pottery & Ceramics","22A New Street, Killarney",https://www.artjam.ie,+353860615695,info@artjam.ie
Painting and Drawing Classes,"Art & Craft (Online), Art, Craft & Making, Arts & Crafts Camps, Glass Art & Stained Glass, Painting","Wexford Enterprise Centre, Strandfield Business Park, Rosslare Rd",https://www.artclasseswexford.com,0871371756,hmclarts@hotmail.com
Art Classes with Caroline - Toddler Art Class,Art & Crafts,"Borris Little, Portlaoise, County Laois, R32 FH67, Ireland",https://www.artclasseswithcarolinekeane.ie/,,artclasseswithcarolinekeane@gmail.com
Creation Cup,Art & Crafts,"Trinity Without, Waterford, X91 ER27, Ireland",https://www.creationcup.ie,,info@creationcup.ie
Little Artists Ireland,Art & Crafts,"Clara Parochial Hall, River St, Kilcoursey, Clara, County Offaly, Ireland",https://totsspots.com/listing/little-artists-ireland/,0894154525,valeriatawil@hotmail.com
Messy Munchkins by Jen,"Art & Crafts, Sensory/Messy Play","Cheekpoint, County Waterford, X91 HK83, Ireland",https://messymunchkinsbyjen.setmore.com,0834803075,messymunchkinsbyjen@gmail.com
The Yoga Fairy,"Art & Crafts, Yoga & Wellness","Knocknamoe, County Laois, R32 H3K8, Ireland",https://totsspots.com/listing/the-yoga-fairy/,0851963743,info@theyogafairy.ie
Mindful Present Moments,"Art & Crafts, Yoga & Wellness, Movement & Play","2PCH+2P Portlaoise, County Laois, Ireland Summerhill Or Aghnaharna, County Laois, R32 N8C2, Ireland",https://totsspots.com/listing/mindful-present-moments/,,mindfulpresentmoments@gmail.com
Kids Connect Sligo,"Art & Crafts, Yoga & Wellness, STEM","Caltragh, County Sligo, Ireland Sligo, Ireland",https://totsspots.com/listing/kids-connect-sligo/,0877775945,loftymc75@gmail.com
Art Classes/Private mentoring,"Art, Craft & Making, Card Making, Drawing & Illustration, Kids Art Club, Painting","Unit 2 The Courtyard , James Street, Westport",https://www.westportartmusicschool.com,09844573,westportartmusicschool@gmail.com
Little Ones Playgroup,Baby & Toddler Group,"Knockglass, County Cork, P25 HC94, Ireland",https://totsspots.com/listing/little-ones-playgroup/,,littleonesladysbridge@gmail.com
North Wexford Parent and Toddler Group,Baby & Toddler Group,"Borleagh, Killinierin, County Wexford, Y25 P954, Ireland",https://totsspots.com/listing/north-wexford-parent-and-toddler-group/,,annamariemasterson@gmail.com
ParentsFirst Community Families Baby Cafe,Baby & Toddler Group,"Frankford, County Offaly, R42 X894, Ireland",https://totsspots.com/listing/parentsfirst-community-families-baby-cafe/,0858673434,
Play group in Irish/Gaeilge,Baby & Toddler Group,"Ballina, County Mayo, F26 R299, Ireland",https://totsspots.com/listing/play-group-in-irish-gaeilge/,,aoifenic@glornangael.ie
Bloom Baby Classes North West Ireland,"Baby & Toddler Group, Baby Massage, Sensory/Messy Play, Movement & Play",Kids connect sligo,https://www.bloombabyclasses.com/north-west-ireland/,089 4082728,trish@bloombabyclasses.com
Gort Parent & Toddler Group,"Baby & Toddler Group, Playgroups, Breast Feeding, For Parents","Bolands Lane, Ballyhugh, Gort, County Galway, Ireland Coole Park, Galway, Ireland Church St, Ballyhugh, Gort, Co. Galway, Ireland",https://totsspots.com/listing/gort-parent-baby-toddler-group/,,
The Extra Special Parent & Toddler Group,"Baby & Toddler Group, Playgroups, Dance, Breast Feeding, Baby Massage, Language, Sign Language, Yoga & Wellness, Horse Riding, First Aid, Weaning, Sensory/Messy Play, Wheelchair & Para, Movement & Play, Social, For Parents","Leitrim, County Leitrim, Ireland",https://totsspots.com/listing/the-extra-special-parent-toddler-group/,0877437262,extraspecialptg@gmail.com
Scariff Baby & Toddler Groups / Kids Book Club - Scariff Library,"Baby & Toddler Group, Playgroups, Storytime, Reading/Writing","Ballyminoge, County Clare, V94 NY33, Ireland",https://clarelibraries.ie/events/?event_page=3&event_cs_location=scariff-library,061 922983,scarriff_library@clarecoco.ie
Portumna Library - Toddler (up to 5) Storytime / Lego Group,"Baby & Toddler Group, Storytime, STEM, Reading/Writing","Portumna Demesne, County Galway, H53 AE06, Ireland",https://galway.spydus.ie./cgi-bin/spydus.exe/MSGTRN/WPAC/HOME,,portumna@galwaylibrary.ie
Baby Massage Class in Shannon Co Clare,Baby Massage,"Rinneanna View, Ballycasey More, Shannon, Co. Clare, Ireland",https://totsspots.com/listing/baby-massage-class-shannon-clare/,0838258888,rachelkeogh2005@gmail.com
Baby Massage Classes Newmarket on Fergus,Baby Massage,"Lisduff, County Clare, V95 F70K, Ireland",https://totsspots.com/listing/baby-massage-classes-newmarket-on-fergus/,086 855 2307,siobhanmeehan78@gmail.com
Baby Massage in Portlaoise with Oxana Murray,Baby Massage,"Knockmay, Portlaoise, County Laois, R32 C7DD, Ireland",https://totsspots.com/listing/baby-massage-in-portlaoise-with-oxana-murray/,089 479 9695,oxanamamasvillage@gmail.com
Baby Massage Oranmore,Baby Massage,"Oranmore, County Galway, Ireland",https://totsspots.com/listing/baby-massage-oranmore/,086 890 3064,eburkeslt@gmail.com
Baby Massage Sinead Grace,Baby Massage,"Birr, County Offaly, Ireland Toomevara, County Tipperary, Ireland",https://totsspots.com/listing/baby-massage-sinead-grace/,0862514700,sineadgrace11@gmail.com
Baby Massage with Kathryn,Baby Massage,"Portumna, County Galway, Ireland Nenagh, County Tipperary, Ireland",https://www.facebook.com/share/1BVRyYhpbW/%20https://www.instagram.com/katarchard_infantmassage?igsh=MXhoaGppanNicTR0OQ==,0857207677,katarchard@gmail.com
Baby Massage with Orla,Baby Massage,"Moynehall, County Cavan, H12 W5D4, Ireland",https://totsspots.com/listing/babymassagewithorla/,087 3933163,orla.oconnor3@hotmail.com
Butterfly Bambino’s - Baby Massage,Baby Massage,"Glen, County Limerick, V94 7W13, Ireland",https://totsspots.com/listing/butterfly-bambinos-baby-massage-limerick/,,butterflybambinos@outlook.ie
Edel's Baby Massage in Portlaoise🌈,Baby Massage,"Parish Office, Dublin Road, Maryborough, Portlaoise, County Laois, Ireland",https://totsspots.com/listing/edels-baby-massage-portlaoise/,087-6982073,carolle@tcd.ie
elainesgiftoftouch,Baby Massage,"Claggarnagh West, County Mayo, F23 EN81, Ireland",https://elainesgiftoftouch.ie/infant-massage/,,
Gentle Beginnings Baby Massage Kilkenny,Baby Massage,"Smithsland South, Kilkenny, R95 H1WT, Ireland",https://www.instagram.com/gentlebeginningskilkenny,0857205899,gentlebeginningskilkenny@gmail.com
Gentle Touch Baby Massage with Roisin,Baby Massage,"Roscrea, County Tipperary, Ireland",https://totsspots.com/listing/gentle-touch-baby-massage-with-roisin/,0862384191,roisinkelly2009@hotmail.com
Lasting Touch Baby Massage,Baby Massage,"Loughlackagh, County Roscommon, N37 HT68, Ireland Athlone, County Westmeath, N37 W7P3, Ireland Craughwell, County Galway, H91 X028, Ireland",https://totsspots.com/listing/lasting-touch-baby-massage/,,lastingtouchbabymassage@gmail.com
Little Laochra Baby Massage Roscommon,Baby Massage,"Roscommon, Ireland",https://www.instagram.com/little_laochra/,0877479400,
Little Lullabies Baby Massage,Baby Massage,"Carlow, R93 DK06, Ireland",https://totsspots.com/listing/little-lullabies-baby-massage/,0877599221,eileennail76@gmail.come
Longford Baby Massage,Baby Massage,"Townparks, Longford, Ireland",https://longfordparish.com/familycentre.htm,0860442354,
Midwife For You,Baby Massage,"New House, Ballyheyland, Portlaoise, Co. Laois, Ireland",https://www.midwifeforyou.com/,0852692847,helenmidwifeforyou@gmail.com
Moo Music Monaghan,Baby Massage,"Kilmactrasna, County Monaghan, A81 NY04, Ireland",https://moomusic.app/,0858586294,susanalicemallon@gmail.com
Zen Baby by Grace,Baby Massage,"Ardgeeha Upper, Clonmel, County Tipperary, E91 Y5Y0, Ireland",https://totsspots.com/listing/zen-baby-by-grace/,0863770022,graceokeeffe@yahoo.co.uk
Elaines Gift of Touch,"Baby Massage, For Parents","Claggarnagh West, County Mayo, F23 EN81, Ireland",https://elainesgiftoftouch.ie,,elainesgot@gmail.com
Little Learners Holistics,"Baby Massage, For Parents","Galtee View, Mulberry Rd, Brigown, Mitchelstown, Co. Cork, Ireland",https://totsspots.com/listing/little-learners-holistics/,,littlelearnerssmp@gmail.com
Kingscourt Mum and Baby Group,"Baby Massage, For Parents, Baby & Toddler Group","Dunaree Lane, Dunaree, Kingscourt, Co. Cavan, Ireland",https://totsspots.com/listing/kingscourt-mum-baby-group/,,
Carndonagh Inishowen Toddler Group and More - Spraoi agus Sport,"Baby Massage, STEM, First Aid, Weaning, Reading/Writing, Social, For Parents, Baby & Toddler Group, Playgroups, Music, Breast Feeding","Churchland Quarters(Carrowtemple Moneyshandoney And Carrick), County Donegal, F93 AY6D, Ireland",https://spraoiagussport.ie/youngfamilies2/,,info@spraoiagussport.ie
Bloom Baby Classes North West Ireland,"Baby Massage, Sensory/Messy Play, Movement & Play, Baby & Toddler Group","Drumacrin, County Donegal, F94 RH33, Ireland",https://www.bloombabyclasses.com/north-west-ireland/,089 4082728,trish@bloombabyclasses.com
BabyGrá - Baby Massage & Yoga Cork,"Baby Massage, Yoga & Wellness","Cork, T23 K2CA, Ireland",https://www.babygra.ie,,babygraclasses@gmail.com
Lullababy Baby Classes,"Baby Massage, Yoga & Wellness","Ramstown Lower, County Wexford, Y25 X4P8, Ireland",https://totsspots.com/listing/lullababy-baby-classes/,0876401790,lullababy.ie@gmail.com
Mum2Mum Roscommon,"Breast Feeding, Baby & Toddler Group","Roscommon County Library, Ballypheasan, Roscommon, Ireland",https://totsspots.com/listing/mum2mum-roscommon/,,
Your 4th Trimester,"Cookery, For Parents, Breast Feeding, Baby Massage, Yoga & Wellness","Crescent Shopping Centre, Dooradoyle Road, Dooradoyle Park, Dooradoyle, Limerick, Ireland",https://your4thtrimester.ie/,0874824998,cathie@your4thtrimester.ie
Dancing Tots,Dance,"Carlow, R93 DK06, Ireland",https://totsspots.com/listing/dancing-tots-toddler-dance-class-carlow/,0892224672,natalie_cummi27@hotmail.com
Tots Ballet,Dance,"Terryland Retail Park, Headford Road, Galway, Ireland",https://www.galwaydancecentre.com,,christinadancecentre@gmail.com
Jiving Babies & Mums,"Dance, For Parents","Bohola, Barleyhill, Co. Mayo, Ireland",https://sandraganleydance.ie,0862108029,jivingjuniors@gmail.com
Dance Republic Tiny Dancer,"Dance, Movement & Play","Carlow, R93 V275, Ireland",https://totsspots.com/listing/dance-republic-tiny-dancer/,0830700225,robyncu@icloud.com
"Baby Boppers - Music, movement & sensory baby/toddler classes","Dance, Sensory/Messy Play, Movement & Play","68 Castlefield Manor, Kilmoremoy, Ballina, Co. Mayo, F26 T2X4, Ireland",https://www.instagram.com/baby.boppers?igsh=MTZvM3c0ZGJsYjRwdw==,087 771 8559,maireadflatley@live.ie
Ability Fitness Sligo,"Fitness & Sports, Intellectual Disability Supported Inclusion","Snap Fitness Sligo, Unit 9",https://dostuff.ie/providerpages/ability-fitness-sligo/,0838958141,jenna.abilityfitnesssligo@gmail.com
Football Fun & Development - Ballinfoile,Football,"Galway, H91 PN50, Ireland",https://thefootballfunfactory.co.uk,,jack@thefootballfunfactory.co.uk
Football Fun & Development - Renmore,Football,"Galway, H91 W259, Ireland",https://thefootballfunfactory.co.uk,,jack@thefootballfunfactory.co.uk
Fundamental Football,Football,"Cobh, County Cork, Ireland",https://totsspots.com/listing/fundamental-football/,085 1466288,hollyhenderson08@hotmail.com
Little Kickers,Football,"Barnagore, County Cork, P31 KC53, Ireland Bishopstown, Cork, T12 ERX0, Ireland Blackrock, Cork, T12 XC91, Ireland Carrigtohill, County Cork, T45 X3N1, Ireland Townparks, Midleton, County Cork, P25 R248, Ireland Carrigoon, County Cork, P51 XV58, Ireland Carrigaline West, Carrigaline, County Cork, P43 PK51, Ireland Gouldavoher, Limerick, V94 FY29, Ireland Moneteen, County Limerick, V94 1X59, Ireland Park, Limerick, V94 X7P9, Ireland Monaclinoe, Limerick, V94 F6WN, Ireland Kilbarry, Waterford, X91 AX54, Ireland Bishopscourt, Waterford, X91 R863, Ireland Dungarvan, County Waterford, X35 P527, Ireland Burgagery-Lands West, Clonmel, County Tipperary, E91 NF43, Ireland",https://www.littlekickers.ie,0214377216,lbehan@littlekickers.ie
"Little Kickers County Laois, Carlow and Kilkenny",Football,"Holycross, County Tipperary, E41 HT96, Ireland Harpur's Ln, Knockmay, Portlaoise, Co. Laois, Ireland Main St, Cooltederry, Portarlington, Co. Laois, Ireland Sacred Heart Primary School, New Line, Parkmore, Roscrea, Co. Tipperary, Ireland Oxmantown Mall, Townparks, Birr, County Offaly, Ireland Athy Rd, Bestfield Or Dunganstown, Carlow, Co. Carlow, Ireland Upper New St, Walkinslough, Kilkenny, Ireland",https://www.littlekickers.ie/,0877453950,jnorton@littlekickers.ie
Little Kickers Galway,Football,"Garraun Upper, County Galway, H91 V12C, Ireland, Glennagloghaun South, County Galway, H65 H393, Ireland Galway, H91 E622, Ireland Ballycuirke West, County Galway, H91 HF10, Ireland Newtown (Darcy), County Galway, H54 CP74, Ireland Moylough More, County Galway, H53 X6C1, Ireland Galway, H91 PN50, Ireland",https://www.littlekickers.ie/,0851813898,Galway@littlekickers.ie
Tots Football Fun - Salthill,Football,"Dr Mannix Road, Galway, Ireland",https://thefootballfunfactory.co.uk,,jack@thefootballfunfactory.co.uk
Babywearing ireland,"For Parents, Baby & Toddler Group","CQ3V+MJ Cregganaharna, County Roscommon, Ireland Virginia, Cavan, Ireland Blanchardstown, Dublin, D15 XW56, Ireland Mullingar, County Westmeath, Ireland Barntown, County Wexford, Ireland Galway, Ireland",https://babywearingireland.org/,,secretarybabywearingireland@gmail.com
Clonmel Mother and Baby Walking/Buggy Group,"For Parents, Baby & Toddler Group","Burgagery-Lands West, Clonmel, County Tipperary, E91 WV40, Ireland",https://totsspots.com/listing/clonmel-baby-buggy-walking-group/,,
Kinvara Mum to-Be & New Mum Social Group,"For Parents, Baby & Toddler Group","Cartron, Kinvarra, County Galway, H91 P6PP, Ireland",https://totsspots.com/listing/kinvara-mum-social-group/,,
Little Puckers - GAA class for preschoolers in Cork,GAA,"MHJ2+9W Bantry, County Cork, Ireland RJ77+W4 Carrigaline, County Cork, Ireland W23Q+RH Macroom, County Cork, Ireland 4PJ7+7W Fermoy, County Cork, Ireland WCMR+22 Cork, Ireland VHQ2+5R Cork, Ireland WRH9+54 Midleton, County Cork, Ireland Cappagh, Kinsale, Co. Cork, P17 WD21, Ireland",https://www.littlepuckers.ie/,,
Universal Rhythmic Gymnastics Club -Salthill,Gymnastics,"Galway, H91 T0F6, Ireland",https://www.facebook.com/profile.php?id=61566883178839,0851767269,universal.rhythmicgymnastics@gmail.com
Flying High Fitness,"Gymnastics, Movement & Play","Galway, H91 YC61, Ireland Monaclinoe, Limerick, V94 C796, Ireland",https://www.flyinghighfitness.com/?fbclid=PAZXh0bgNhZW0CMTEAAaZvOhCgrE1j5fODDoHXUHV844Fe7CTq_sJjrKqqNu29VmvfcMKTakBVjKE_aem_IrZUwBr2WDmhZRqIrOzXLQ,,info@flyinghighfitness.com
Stuntworx Elite Gymnastics and Cheerleading,"Gymnastics, Other","Galway, H91 HN76, Ireland",https://www.stuntworxelite.com,091771765,info@stuntworxelite.com
Whitethorn Equestrian Centre,Horse Riding,"Knocknasnaa, County Limerick, V94 76C0, Ireland",https://totsspots.com/listing/whitethorn-equestrian-centre/,087 427 3298,xkatanicalx@gmail.com
Master Doyle Taekwon-Do Schools,Martial Arts & Boxing,"Naas West, Naas, County Kildare, W91 VW90, Ireland Maynooth, County Kildare, W23 X0C6, Ireland Oldbawn, Dublin, D24 T854, Ireland Carlow, R93 K5P2, Ireland",http://masterdoyle.com/,+353876986491,info@masterdoyle.com
Galway Community Circus,"Movement & Play, Other, Social","Renmore Road, Galway, Ireland Shantalla, Galway, Ireland",https://www.galwaycommunitycircus.com/,+353 85 111 7224,info@galwaycircus.com
Chime in & Play,"Movement & Play, Playgroups, Music, Sensory/Messy Play","Carlow, R93 DK06, Ireland St Wolstan's Abbey, Celbridge, County Kildare, Ireland De La Salle Pastoral Centre, Saint Patrick's Road, Ballynerrin Lower, Wicklow, Ireland 96 South Main Street, Gully, Bandon, County Cork, Ireland Cloheen, Clonakilty, County Cork, P85 RD23, Ireland",https://www.playandmusic.ie/Chimein/location/location.shtml,,
Moo Music Wicklow,"Movement & Play, Playgroups, Music, Sensory/Messy Play","Wolfe Tone Community Centre, Vevay Road, Oldcourt, Bray, County Wicklow, Ireland Kilcoole Community Centre, Lott Ln, Kilcoole, Co. Wicklow, Ireland Newtown Mt. Kennedy Community Centre, Newtown Mount Kennedy, Co. Wicklow, A63 CX44, Ireland Angel Acrobatics, Killarney Rd, Bray, Co. Wicklow, A98 FW08, Ireland",https://moomusic.ie/areas/moo-music-co-wicklow/,0877373781,wendy@moomusic.ie
Ready Steady Play Midlands,"Movement & Play, Playgroups, Sign Language, Sensory/Messy Play","Ready Steady Play Athlone, Monksland Community Centre, Monksland, Cushla, Co. Roscommon Ready Steady Play Tullamore, Charleville Community Centre, Church St, Tullamore, Co. Offaly, R35 H660 Ready Steady Play Mullingar, Mullingar Charity Variety Group, Forest Park, Mullingar Business Park, Mullingar, Co. Westmeath Ready Steady Play Portlaoise, Portlaoise Parish Centre, Stradbally Rd, Borris Little, Portlaoise, Co. Laois, R32 FH67 Ready Steady Play Naas, Sallins Scouts Den, Oldbridge Park, Osberstown, Sallins, Co. Kildare",https://www.ready2play.ie,0579330452,midlands@ready2play.ie
Mini Messers Sensory/Messy Play Classes,"Movement & Play, Social, Art & Crafts, STEM, Sensory/Messy Play","Belcarra, County Mayo, Ireland",https://www.instagram.com/mini_messers?igsh=MWJpZWpqc3YzZ2c4cg==,,minimessersmayo@gmail.com
MACBabies Music Sensory class Killarney,"Music, Sensory/Messy Play, Movement & Play","2FXJ+7W Killarney, County Kerry, Ireland",https://www.themacademy.ie/,0876296152,info@themacademy.ie
Ready Steady Play South East,"Music, Sign Language, Sensory/Messy Play, Movement & Play","Waterford, Ireland Danesfort, County Kilkenny, Ireland Wexford, Ireland Dungarvan, County Waterford, Ireland",https://www.ready2play.ie/,0860866248,jade@ready2play.ie
The ImagiNation,Playgroups,"1st Floor Henry Lyons & Co Department Store Lower, O'Connell St, Rathedmond, Sligo, F91 V2AH, Ireland",https://www.theimagination.ie,0851397357,hello@theimagination.ie
Woodkids Forest School,"Playgroups, Adventure/Scouts, Other","Jenkinstown, County Kilkenny, R95 NN67, Ireland",https://woodkidsforestschool.com/,083 110 95 13,woodkids@protonmail.com
Sugradh Creative/Messy Play Toddler Playgroup in Galway,"Playgroups, Art & Crafts, STEM, Sensory/Messy Play, Social, Baby & Toddler Group","Raheen, Athenry, County Galway, H65 E443, Ireland Loughrea, County Galway, Ireland Renmore Park, Galway, Ireland",https://www.sugradhcreativeclasses.com,,info@sugradhcreativeclasses.com
Mohill Toddler Group /Kids Lego/Art/Social Club & Autism Playgroup,"Playgroups, Art & Crafts, STEM, Social, Baby & Toddler Group","Boeeshil, County Leitrim, N41 Y2F5, Ireland",https://mohillfamilysupportcentre.org/news/,0719631253,support@mohillfsc.info
Art Room 109,"Playgroups, Art & Crafts, Sensory/Messy Play","Galway, Ireland",https://www.instagram.com/art_room_109/,,artroom109@gmail.com
Carlow Parent & Toddler Messy Play Group - Visual Carlow,"Playgroups, Art & Crafts, Sensory/Messy Play, Baby & Toddler Group","Carlow, R93 A3K1, Ireland",https://visualcarlow.ticketsolve.com/ticketbooth/shows,+353 59 917 2400,boxoffice@visualcarlow.ie
Lus Na Greine Family Resource Centre,"Playgroups, Art & Crafts, Social, Baby & Toddler Group","Granard, County Longford, N39 R7X4, Ireland",https://lusnagreinefrc.ie/services/,043-6660977,info@lngfrc.ie
"Limerick Library Toddler Group, Storytime & Art","Playgroups, Art & Crafts, Storytime, Baby & Toddler Group","Watch House Cross Shopping Centre, Kileely Road, Kileely, Watch House Cross, Limerick, Ireland",https://www.limerick.ie/discover/eat-see-do/family-friendly/fun-things-do/libraries/watch-house-cross-community-library,+353 61 557 726,watchhousecrosslibrary@limerick.ie
Daingean Library,"Playgroups, Art & Crafts, Storytime, Reading/Writing","Townparks, County Offaly, R35 V6P5, Ireland",https://www.offaly.ie/daingean-library/,+353 (57) 9353005,daingeanlibrary@offalycoco.ie
Drumlish Library - Toddler Group / Kids Book Club / Social Group,"Playgroups, Art & Crafts, Storytime, Reading/Writing, Social, Baby & Toddler Group","Drumlish, County Longford, N39 ER29, Ireland",https://longfordlibrary.ie/library/find-your-local-library/drumlish-library/,043 332 47 60,drumlishlibrary@longfordcoco.ie
Edenderry Library,"Playgroups, Art & Crafts, Storytime, STEM, Reading/Writing","Edenderry, County Offaly, R45 RX48, Ireland",https://www.offaly.ie/edenderry-library/,+353 (46) 9731028,edenderrylibrary@offalycoco.ie
"Abbeyfeale Parent, Baby and Toddler Group","Playgroups, Baby & Toddler Group","Abbeyfeale West, Abbeyfeale, County Limerick, V94 HXR2, Ireland",https://totsspots.com/listing/abbeyfeale-parent-toddler-group/,087 938 2883,
"Abbeyleix Laois Parent, Baby & Toddler Group","Playgroups, Baby & Toddler Group","Tonduff, County Laois, R32 H244, Ireland",https://totsspots.com/listing/abbeyleix-laois-parent-baby-toddler-group/,0578714944,managerabbeyleixheritagehouse@gmail.com
"Abbeyquarter Parent, Baby and Toddler Group","Playgroups, Baby & Toddler Group","Chapel St, Abbeyquarter North, Sligo, Ireland",https://www.theavaloncentre.ie/programmes,07191-61836,
"Achill Parent, Baby and Toddler Group","Playgroups, Baby & Toddler Group","Dooniver, County Mayo, F28 K283, Ireland",https://totsspots.com/listing/achill-parent-baby-and-toddler-group/,,magscarey7@gmail.com
"Adamstown/Raheen Parent, Baby and Toddler Group","Playgroups, Baby & Toddler Group","Courthoyle New, Raheen, County Wexford, Y21 T183, Ireland Adamstown, County Wexford, Y21 C8K1, Ireland",https://arcfrc.ie/parents-and-toddlers-groups/,089 4354670,
"Aghada Parent, Baby & Toddler Group","Playgroups, Baby & Toddler Group","Upper Aghada, Aghada, Co. Cork, Ireland",https://totsspots.com/listing/aghada-parent-baby-toddler-group/,086 3940973,
Ardagh/Moydow Baby and Toddler group,"Playgroups, Baby & Toddler Group","Moor, County Longford, N39 FW52, Ireland",https://totsspots.com/listing/ardagh-moydow-baby-and-toddler-group/,0852566909,
"Ardara Parent, Baby and Toddler Group","Playgroups, Baby & Toddler Group","Ardara, County Donegal, Ireland",https://totsspots.com/listing/ardara-donegal-toddler-group/,,cosabeaga@hotmail.com
Ardfert Parent and Toddler Group - Ardfert Community Centre -,"Playgroups, Baby & Toddler Group","86H9+75 Ardfert, County Kerry, Ireland",https://www.ardfertcommunitycentre.ie/groups_classes/parent-and-toddler-group/,,
"Arvagh Parent, Toddler & Baby Group","Playgroups, Baby & Toddler Group","Drumalt, County Cavan, H12 P308, Ireland",https://totsspots.com/listing/arvagh-cavan-parent-toddler-group/,087 6893630,
"Athenry Parent, Baby & Toddler Group","Playgroups, Baby & Toddler Group","Cross St, Athenry, County Galway, Ireland",https://totsspots.com/listing/athenry-parent-baby-toddler-group/,,athenryplaygroup@gmail.com
Baby & Toddler Group Cork City,"Playgroups, Baby & Toddler Group","MacCurtain Street, Victorian Quarter, Cork, T23 KN76, Ireland",https://www.corkbaptistchurch.org/?fbclid=IwY2xjawKRz6dleHRuA2FlbQIxMABicmlkETF0Sm9qT3lTTEVuQlp3VFJZAR7ekHS_z3RoWvYykh0xZaYy12n4U58F_86FNFkodlrEGJXay4ux5nAs140p3g_aem_FvOhZKQVkjOnQPNzm0KGuA,,meabh.kenny@gmail.com
"Bailieborough Parent, Baby and Toddler Group","Playgroups, Baby & Toddler Group","Bailieborough, County Cavan, Ireland",https://totsspots.com/listing/bailieborough-parent-baby-and-toddler-group/,086 203 0942,
"Ballaghaderreen Parent, Baby and Toddler Group","Playgroups, Baby & Toddler Group","Saint John's Terrace, an tSráid Nua, Ballaghaderreen, County Roscommon, Ireland",https://totsspots.com/listing/ballaghaderreen-parent-baby-and-toddler-group/,,
"Ballina Parent, Baby and Toddler Group","Playgroups, Baby & Toddler Group","Abbeyhalfquarter, Ballina, County Mayo, F26 C6P6, Ireland",https://totsspots.com/listing/ballina-parent-baby-and-toddler-group/,,admin@ballinafrc.com
Ballinamore Parent and Toddler Group,"Playgroups, Baby & Toddler Group","Convent Road, Aghadark, County Leitrim, Ireland",https://mohillfamilysupportcentre.org/services/,0866035977,support@mohillfsc.info
Ballinasloe/Killalaghton Parent Baby & Toddler Group,"Playgroups, Baby & Toddler Group","Killalaghton Hall, Ballinasloe, Killoran, County Galway, Ireland",https://totsspots.com/listing/ballinasloe-killalaghton-parent-baby-toddler-group/,,
Ballincollig Baby & Toddler Group Cork,"Playgroups, Baby & Toddler Group","The Village Shopping Centre, Station Rd, Ballincollig, Cork, Co. Cork, Ireland",https://ballincolligfrc.org/about-us/,+353 21 487 6295,info@ballincolligfrc.org
"Ballinderry Parent, Baby and Toddler Group","Playgroups, Baby & Toddler Group","Ballinderry, County Roscommon, F42 N277, Ireland",https://totsspots.com/listing/ballinderry-parent-baby-and-toddler-group/,,
"Ballinfoile Parent, Baby & Toddler Group","Playgroups, Baby & Toddler Group","Galway, H91 PN50, Ireland",https://bcnc.ie/,,roselyn.carroll@gmail.com
"Ballingarry / Croom Parent, Baby and Toddler Group","Playgroups, Baby & Toddler Group","Croom, County Limerick, V35 E306, Ireland Knightstreet, Ballingarry, County Limerick, V94 9H30, Ireland",https://croomfrc.com/services/parent-family-support/,061 602 878,info@croomfrc.com
"Ballinrobe Parent, Baby and Toddler Group","Playgroups, Baby & Toddler Group","Credit Union House, Main Street, Cornaroya, Ballinrobe, County Mayo, Ireland",https://ballinrobetacufrc.com/,,tacucomdev@gmail.com
"Ballintrillick Parent, Baby and Toddler Group","Playgroups, Baby & Toddler Group","Gortnahoula, County Sligo, F91 A389, Ireland",https://www.benwiskincentre.com/classes/,071 91 76721,
"Ballon Parent, Baby & Toddler Group Carlow","Playgroups, Baby & Toddler Group","Ballon, County Carlow, Ireland",https://totsspots.com/listing/ballon-parent-baby-toddler-group/,085 72 02 358,
"Ballybrown / Clarina Parent, Baby and Toddler Group","Playgroups, Baby & Toddler Group","Ballybrown, County Limerick, V94 F5EY, Ireland",https://ballybrownclarinacommunity.com/classes/,0857297246,
"Ballybunion Parent, Baby & Toddler Group","Playgroups, Baby & Toddler Group","Ballybunnion, County Kerry, V31 TV25, Ireland",https://totsspots.com/listing/ballybunion-baby-toddler-group/,,ballybcomcentre@gmail.com
"Ballycroy Parent, Baby and Toddler Group","Playgroups, Baby & Toddler Group","Gortbrack South, Co. Mayo, Ireland",https://totsspots.com/listing/ballycroy-parent-baby-and-toddler-group/,,ballycroybabyandtoddlergroup@gmail.com
"Ballyduff Parent, Baby & Toddler Group Kerry","Playgroups, Baby & Toddler Group","Benmore, County Kerry, V92 A2VC, Ireland",https://budsfrcballyduff.com/,0871519234,budsfrc@gmail.com
"Ballygar Parent, Baby & Toddler Group","Playgroups, Baby & Toddler Group","Ballygar, County Galway, F42 YA62, Ireland",https://totsspots.com/listing/ballygar-parent-baby-toddler-group/,087 1377 908,
"Ballyhaunis Parent, Baby and Toddler Group","Playgroups, Baby & Toddler Group","Carrownluggaun, County Mayo, F35 Y337, Ireland",https://totsspots.com/listing/ballyhaunis-parent-baby-toddler-group/,,s.d.cleary@hotmail.co.uk
"Ballyhea Parent, Baby & Toddler Group","Playgroups, Baby & Toddler Group","Ballyhea, County Cork, Ireland",https://totsspots.com/listing/ballyhea-parent-baby-toddler-group/,ballyheapreschoolboard.com,
"Ballymoney Parent, Baby and Toddler Group","Playgroups, Baby & Toddler Group","Glennaglogh, County Wexford, Y25 D680, Ireland",https://ballymoneysteiner.com/,087 2102876,
"Ballymote Parent, Baby and Toddler Group","Playgroups, Baby & Toddler Group","Keash Rd, Ballymote, Sligo, Ireland",https://ballymotefamilyresourcecentre.ie/news/,071 91 97818,
"Ballynanty Parent, Baby and Toddler Group","Playgroups, Baby & Toddler Group","Ballynanty Beg, Limerick, V94 APX8, Ireland",https://www.northsidefrc.ie/children/parent-and-toddler-group/,+353 61 326 623,info@northsidefrc.ie
"Ballyvaughan Parent, Baby & Toddler Group","Playgroups, Baby & Toddler Group","Ballyvaughan Holiday Cottages, Knocknagroagh, Ballyvaughan, Co. Clare, Ireland",https://totsspots.com/listing/ballyvaughan-parent-baby-toddler-group/,0861525843,
Bandon Parent & Toddler Group,"Playgroups, Baby & Toddler Group","Cloghmacsimon, Bandon, County Cork, P72 P895, Ireland",https://bandonfrc.ie/services/,0238829466,info@cfsbandon.com
"Belcarra Parent, Baby and Toddler Group","Playgroups, Baby & Toddler Group","Cuillare, Co. Mayo, F23 HY58, Ireland",https://www.belcarra.ie/community-futures/,,deirdre.flatley10@gmail.com
"Belturbet Parent, Toddler & Baby Group","Playgroups, Baby & Toddler Group","The Diamond, Corporation Lands, Co. Cavan, Ireland",https://totsspots.com/listing/belturbet-parent-toddler-baby-group/,049 952 2683,
Blackrock Baby & Toddler Group Cork,"Playgroups, Baby & Toddler Group","Ballintemple, Cork, T12 Y304, Ireland",https://totsspots.com/listing/blackrock-cork-toddler-group/,,blackrocktoddlebums@gmail.com
"Borris Parent, Baby & Toddler Group Carlow","Playgroups, Baby & Toddler Group","Borris, County Carlow, R95 AY07, Ireland",https://totsspots.com/listing/borris-parent-baby-toddler-group-carlow/,087 4519376,
"Borrisokane Parent, Baby and Toddler Group","Playgroups, Baby & Toddler Group","Borrisokane, County Tipperary, Ireland",https://www.silverarchfrc.ie/news/145/community-families-parent-toddler-amp-baby-groups.php,087 9520130,info@silverarchfrc.ie
"Boyle Parent, Baby and Toddler Group","Playgroups, Baby & Toddler Group","Military Rd, Knocknashee, Boyle, Co. Roscommon, Ireland",https://www.boylefrc.ie/services/29/parent-baby-toddler-group.php,,
"Bree Enniscorthy Parent, Baby and Toddler Group","Playgroups, Baby & Toddler Group","Knocknagross, County Wexford, Y21 XF95, Ireland",https://www.independent.ie/regionals/wexford/enniscorthy-news/localnotes/around-the-districts-bree-galbally-to-kiltealy-ballindaggin/a1010161768.html,085 1180930,
"Bunclody Parent, Baby and Toddler Group","Playgroups, Baby & Toddler Group","Main St, Newtownbarry, Bunclody, County Wexford, Ireland",https://visitbunclody.ie/baby-toddler-group/,083 3219929,
"Buncrana Parent, Baby and Toddler Group","Playgroups, Baby & Toddler Group","Buncrana, County Donegal, Ireland",https://totsspots.com/listing/buncrana-donegal-toddler-group/,086 3125183,shaunamckinley@gmail.com
"Caherdaniel Parent, Baby & Toddler Group","Playgroups, Baby & Toddler Group","Ballycarnahan, Co. Kerry, Ireland",https://totsspots.com/listing/caherdaniel-parent-baby-toddler-group/,,
Callan Kilkenny - Baby & Toddler Group- Droichead Family Resource Centre,"Playgroups, Baby & Toddler Group","West St, Callan South, Callan, Co. Kilkenny, Ireland",https://droicheadfrc.ie/,085 856 4950,admin@droicheadfrc.ie
"Cappawhite & Annacarty Parent, Baby and Toddler Group","Playgroups, Baby & Toddler Group","Annacarty, County Tipperary, Ireland Cappawhite National School, Cappagh, Cappawhite, County Tipperary, Ireland",https://totsspots.com/listing/teatime-baby-and-toddler-group/,087 3386923,
Carrick on Shannon Parent and Toddler Group,"Playgroups, Baby & Toddler Group","Townparks, Carrick-On-Shannon, County Leitrim, N41 X9D6, Ireland",https://www.breffnifrc.ie/,0719622566,
"Carrick Parent, Baby and Toddler Group","Playgroups, Baby & Toddler Group","Roxborough Glebe, County Donegal, F94 KXY1, Ireland",https://carrickonline.net/links/carrick-family-playgroup,,staceygeoghegan88@gmail.com
Carrick-on-suir Baby & Toddler Group,"Playgroups, Baby & Toddler Group","Townparks, Carrick-on-Suir, County Tipperary, E32 P928, Ireland",https://totsspots.com/listing/carrick-on-suir-baby-toddler-group/,051 642 418,
Carrickmacross Parents & Tots,"Playgroups, Baby & Toddler Group","Kilmactrasna, County Monaghan, A81 NY04, Ireland",https://www.facebook.com/ParentsTotsCBC/,,
"Carrigaline Parent, Baby & Toddler Group","Playgroups, Baby & Toddler Group","Carrigaline, County Cork, Ireland",https://totsspots.com/listing/carrigaline-parent-toddler-group/,,
Carrigallen Parent and Toddler Group,"Playgroups, Baby & Toddler Group","Boeeshil, County Leitrim, N41 Y2F5, Ireland",https://mohillfamilysupportcentre.org/services/,071 963 1253,support@mohillfsc.info
"Carrignavar Parent, Baby & Toddler Group","Playgroups, Baby & Toddler Group","Laharan, County Cork, T34 D527, Ireland",https://totsspots.com/listing/carrignavar-parent-baby-toddler-group/,+353 87 807 1218,glencarrigkids@gmail.com
"Carrigtwohill Parent, Baby & Toddler Group","Playgroups, Baby & Toddler Group","Carrigtohill, County Cork, T45 FW61, Ireland",https://carrigtwohillfrc.ie/services/parent-and-toddler-group/,0214533000,coordinator@carrigtwohillfrc.ie
"Castleblayney Parent, Baby & Toddler Group - Blaneytots","Playgroups, Baby & Toddler Group","Killygola, County Monaghan, A75 E653, Ireland",https://www.castleblayneycentralschool.com/?fbclid=IwZXh0bgNhZW0CMTAAAR0cTZWeTQryZL9t0gJpse-c1_-BkjHz-bWIMI5tRFDUqyjVDEZBfTn9aCA_aem_T2a1eMPExYrukBtvraBfVA,,castleblayneycentralns@gmail.com
"Castleconnell Parent, Baby and Toddler Group","Playgroups, Baby & Toddler Group","14-15 Castle Street, Coolbane, Castleconnell, Co. Limerick, Ireland",https://totsspots.com/listing/castleconnell-parent-baby-and-toddler-group/,,
Castleisland Parent and Toddler Group in Kerry,"Playgroups, Baby & Toddler Group","Tonbwee, County Kerry, V92 P803, Ireland",https://www.facebook.com/castleislandparentandtoddlergroup/about,,
"Castlemaine Parent, Baby & Toddler Group","Playgroups, Baby & Toddler Group","Castlemaine, County Kerry, Ireland",https://totsspots.com/listing/castlemaine-parent-baby-toddler-group/,,
"Castletown Parent, Baby & Toddler Group","Playgroups, Baby & Toddler Group","Castletown, County Cork, P47 YR96, Ireland",https://totsspots.com/listing/castletown-parent-baby-toddler-group/,,castletownparentsandtoddlers@gmail.com
Castletownbere Baby & Toddler Group,"Playgroups, Baby & Toddler Group","Knockaneroe, County Cork, P75 WN88, Ireland",https://totsspots.com/listing/castletownbere-parent-baby-toddler-group/,+353 27 70998,info@bearawestfrc.ie
Cellarstown / New Park / Kilkenny - Baby & Toddler Group,"Playgroups, Baby & Toddler Group","Garrincreen, Kilkenny, R95 RK40, Ireland",https://totsspots.com/listing/cellarstown-kilkenny-baby-toddler-group/,087 1939776,
"Claregalway Parent, Baby & Toddler Group","Playgroups, Baby & Toddler Group","Lakeview, County Galway, H91 THH4, Ireland",https://totsspots.com/listing/claregalway-parent-baby-toddler-group/,,fi.dwyer@gmail.com
Clashmore / Kinsalebeg Toddler Group,"Playgroups, Baby & Toddler Group","Ballyheeny, County Waterford, P36 V348, Ireland",https://totsspots.com/listing/clashmore-kinsalebeg-toddler-group/,,
"Clonakilty Parent, Baby & Toddler Group","Playgroups, Baby & Toddler Group","Tawnies Upper, Clonakilty, County Cork, P85 XC64, Ireland",https://totsspots.com/listing/clonakilty-parent-baby-toddler-group/,0863226635,
Clones Baby & Toddler Group - Clones Family Resource Centre,"Playgroups, Baby & Toddler Group","Largy, County Monaghan, H23 AE75, Ireland",https://totsspots.com/listing/clones-parent-baby-toddler-group/,047 52919,
"Clonmany Parent, Baby and Toddler Group","Playgroups, Baby & Toddler Group","Clehagh, County Donegal, F93 YX90, Ireland",https://totsspots.com/listing/clonmany-donegal-toddler-group/,,carolineharkin@hotmail.com
Clonmel & Cashel Parent and Baby Group,"Playgroups, Baby & Toddler Group","Cashel, County Tipperary, Ireland Clonmel, County Tipperary, Ireland",https://clonmelcommunitymother.ie/mother-baby-parent-toddler/,,
"Clonmel / Cahir Parent, Baby & Toddler Group","Playgroups, Baby & Toddler Group","Townparks, Kilcommon Cross, County Tipperary, Ireland Wilderness Grove, Clonmel, County Tipperary, Ireland Irishtown, Clonmel, County Tipperary, Ireland",https://clonmelcommunitymother.ie/mother-baby-parent-toddler/?fbclid=IwZXh0bgNhZW0CMTAAYnJpZBExdEpvak95U0xFbkJad1RSWQEeeoNimM8kgjZpnmCbCqxXTN_kmMX7SvQ0rjk1hxeWTf5a0nb_9yOIqHQLLiA_aem_6r8M0595DRJfrCoaLCSF5g,0526128199,
Clooneen/Manorhamilton Parent & Toddler Group,"Playgroups, Baby & Toddler Group","Clooneen, County Leitrim, F91 PP62, Ireland",https://totsspots.com/listing/clooneen-manorhamilton-parent-toddler-group/,,siunmcglynn@gmail.com
Coachford Baby & Toddler Group,"Playgroups, Baby & Toddler Group","Nadrid, County Cork, P12 X365, Ireland",https://totsspots.com/listing/coachford-baby-toddler-group/,,
"Cobh Parent, Baby & Toddler Group","Playgroups, Baby & Toddler Group","Cloyne Terrace, Ballyvoloon, Cobh, County Cork, Ireland",https://www.cobhfamilyresourcecentre.ie/parent-and-toddler.html,021 4816103,
"Cong Parent, Baby and Toddler Group","Playgroups, Baby & Toddler Group","Gortaroe, County Mayo, F31 PY97, Ireland",https://totsspots.com/listing/cong-parent-baby-and-toddler-group/,,cornerkiddies11@gmail.com
"Conna Parent, Baby & Toddler Group (Tweenies Playgroup)","Playgroups, Baby & Toddler Group","Conna, County Cork, P51 RW62, Ireland",https://totsspots.com/listing/conna-parent-baby-toddler-group/,,
"Convoy Parent, Baby and Toddler Group","Playgroups, Baby & Toddler Group","Convoy Townparks, County Donegal, F93 AF80, Ireland",https://totsspots.com/listing/convoy-donegal-toddler-group/,,shaunpaulmaguire@gmail.com
"Conwal Letterkenny Parent, Baby and Toddler Group","Playgroups, Baby & Toddler Group","Letterkenny, County Donegal, F92 CTF4, Ireland",https://totsspots.com/listing/conwal-letterkenny-donegal-toddler-group/,,louisetoner18@gmail.com
Cork Multiples Club - Wilton/Bishopstown - Toddler Group,"Playgroups, Baby & Toddler Group","Bishopstown, Cork, T12 TN97, Ireland",https://totsspots.com/listing/wilton-baby-toddler-group/,,corkmultiplesclub@gmail.com
"Corofin Parent, Baby & Toddler Group","Playgroups, Baby & Toddler Group","Ballybanagher, Co. Galway, Ireland",https://totsspots.com/listing/corofin-parent-baby-toddler-group/,,maireflaherty@gmail.com
"Corramartin/Aughnasheelin Parent, Baby & Toddler Group","Playgroups, Baby & Toddler Group","Corramartin, Co. Leitrim, Ireland",https://totsspots.com/listing/corramartin-aughnasheelin-baby-toddler-group/,,Aughnasheelinpt@gmail.com
"Craanford Parent, Baby and Toddler Group","Playgroups, Baby & Toddler Group","Crannford, County Wexford, Ireland",https://totsspots.com/listing/craanford-parent-baby-toddler-group/,087 2889917,
Craughwell Baby & Toddler Group,"Playgroups, Baby & Toddler Group","Craughwell, County Galway, H91 X028, Ireland",https://totsspots.com/listing/craughwell-parent-baby-toddler-group/,,
"Crossmolina Parent, Baby and Toddler Group","Playgroups, Baby & Toddler Group","Knockalegan, County Mayo, F26 A0C7, Ireland",http://www.crossmolina.ie/event/baby-toddler-group-3/,,s.gough@crossmolina.ie
Crusheen Baby & Toddler Group,"Playgroups, Baby & Toddler Group","Drummanneen, County Clare, V95 YT32, Ireland",https://crusheencc.ie/,,
"Derryvally / Ballybay Steiner Parent, Baby & Toddler Group","Playgroups, Baby & Toddler Group","Derryvally, County Monaghan, A75 HF78, Ireland",https://totsspots.com/listing/ballybay-parent-baby-toddler-group/,,info@monaghanwaldorfschool.ie
"Dingle Parent, Baby & Toddler Group","Playgroups, Baby & Toddler Group","Cappa, Dingle, County Kerry, V92 DT44, Ireland",https://www.aiseannanahoige.ie/,0669152889,eolas@aiseannanahoige.ie
"Donegal Town Parent, Baby and Toddler Group","Playgroups, Baby & Toddler Group","Milltown, Donegal, F94 PHW5, Ireland",https://totsspots.com/listing/donegal-town-parent-baby-toddler-group/,,donegaltownparentandtoddler@gmail.com
"Donoughmore Parent, Baby & Toddler Group","Playgroups, Baby & Toddler Group","Donoughmore, County Cork, Ireland",https://totsspots.com/listing/donoughmore-parent-baby-toddler-group/,,
"Doohamlet Parent, Baby & Toddler Group","Playgroups, Baby & Toddler Group","Dernaglug, County Monaghan, A75 EF99, Ireland",https://www.doohamletcommunitycentre.com/,,hazel.parker@faithmission.org
"Dromahair Parent, Baby & Toddler Group","Playgroups, Baby & Toddler Group","Dromahair Library, Back Line, Drumahaire, Dromahair, Co. Leitrim, Ireland",https://totsspots.com/listing/dromahair-parent-baby-toddler-group/,,katarina.tothova@hotmail.co.uk
"Dromdaleague Parent, Baby & Toddler Group","Playgroups, Baby & Toddler Group","Dromdaleague, County Cork, P47 W297, Ireland",https://totsspots.com/listing/dromdaleague-parent-baby-toddler-group/,+353 86 844 2954,
"Drumaweer Greencastle Parent, Baby and Toddler Group","Playgroups, Baby & Toddler Group","Greencastle Communty Centre, Drumaweer, Greencastle, County Donegal, Ireland",https://totsspots.com/listing/drumaweer-greencastle-toddler-group/,,info@greencastlecentre.ie
"Drummin Parent, Baby and Toddler Group","Playgroups, Baby & Toddler Group","Cuilmore, County Mayo, F28 NY07, Ireland",https://totsspots.com/listing/drummin-parent-baby-toddler-group/,09821446,info@drumminns.ie
"Drumshanbo Parent, Baby & Toddler Group","Playgroups, Baby & Toddler Group","Laird House, Church Street, Carricknabrack, Drumshanbo, County Leitrim, Ireland",https://totsspots.com/listing/drumshanbo-parent-toddler-group/,0876866013,modonohoesc@gmail.com
Dungloe Letterkenny Outdoor Toddler Group,"Playgroups, Baby & Toddler Group","Dunglow, County Donegal, F94 XP62, Ireland",https://www.playmatters.ie/,,playmattersoffice@gmail.com
Dunmanway Cox's Hall Toddler Group,"Playgroups, Baby & Toddler Group","Dunmanway North, County Cork, P47 AY67, Ireland",https://fanlobbus.ie/Toddler-Group.htm,,
"Dunmanway Parent, Baby & Toddler Group","Playgroups, Baby & Toddler Group","Kilbarry Road, Kilbarry, Dunmanway, Co. Cork, Ireland",https://dfrc.ie/groups-and-activities/,085 - 245 3688,
"Edgeworthstown Parent, Baby & Toddler Group","Playgroups, Baby & Toddler Group","Ballymahon Road, Edgeworthstown, County Longford, Ireland",https://totsspots.com/listing/edgeworthstown-parent-baby-toddler-group/,0874122922,
"Ennis Doora Barefield Parent, Baby & Toddler Group","Playgroups, Baby & Toddler Group","Rosslevan, Co. Clare, Ireland",https://www.doorabarefieldparish.ie/?gallery=doora-barefield-parent-toddler-group-opening,085 8741773,
"Enniskerry Parent, Baby and Toddler Group","Playgroups, Baby & Toddler Group","Powerscourt Parochial Hall, Kilgarran, Enniskerry, County Wicklow, Ireland",https://enniskerry.ie/g/mums-n-tots/,,
"Feenagh / Kilmeedy Parent, Baby and Toddler Group","Playgroups, Baby & Toddler Group","Cloonroosk, County Limerick, V35 PP78, Ireland",https://totsspots.com/listing/feenagh-kilmeedy-parent-baby-toddler-group/,,
Fenagh Beg Parent & Toddler Group,"Playgroups, Baby & Toddler Group","Fenagh Beg, County Leitrim, N41 E2R6, Ireland",https://fenagh.com/whats-on/,071 964 5590,fenaghvisitorcentre@gmail.com
"Fermoy Parent, Baby & Toddler Group ""As Gaeilge""","Playgroups, Baby & Toddler Group","Fermoy Youth Centre, Ashe Quay, Fermoy, County Cork, Ireland",https://www.fermoyyouthcentre.ie/event/na-noinini-dancing-daisies-playgroup-as-gaeilge-2/2025-05-09,086 1655053,
"Firies Parent, Baby & Toddler Group","Playgroups, Baby & Toddler Group","Killahane, County Kerry, V93 FF8X, Ireland",https://totsspots.com/listing/firies-parent-baby-toddler-group/,085 8626676,
"Frenchpark Parent, Baby and Toddler Group","Playgroups, Baby & Toddler Group","Frenchpark, County Roscommon, Ireland",https://totsspots.com/listing/frenchpark-parent-baby-and-toddler-group/,,
Garrafrauns Parent Baby & Toddler Group,"Playgroups, Baby & Toddler Group","Garrafrauns, Galway, Ireland",https://totsspots.com/listing/garrafrauns-baby-toddler-group-galway/,,egkilgarriff@hotmail.com
"Geevagh Parent, Baby and Toddler Group","Playgroups, Baby & Toddler Group","Ballynashee, County Sligo, F52 R942, Ireland",https://totsspots.com/listing/geevagh-parent-baby-toddler-group/,087 9780077,
Glen Baby & Toddler Group Cork - Cuddles & Chat,"Playgroups, Baby & Toddler Group","Glen Avenue, The Glen, Cork, Ireland",https://glencentre.ie/primary-school-tours/,021 455 0511,glenresourcecentre@gmail.com
"Glenbeigh Parent, Baby & Toddler Group (The Toddle Inn)","Playgroups, Baby & Toddler Group","Kilnabrack Upper, County Kerry, V93 N5TE, Ireland",https://totsspots.com/listing/glenbeigh-baby-toddler-group/,,
"Glengarriff/Coomhola Parent, Baby & Toddler Group","Playgroups, Baby & Toddler Group","Cappyaughna, County Cork, P75 V067, Ireland",https://totsspots.com/listing/glengarriff-coomhola-baby-toddler-group/,0861697571,
"Glengoole Parent, Baby & Toddler Group","Playgroups, Baby & Toddler Group","Glengoole South, County Tipperary, E41 A065, Ireland",https://mfrc.ie/,052 9157992,julie@mfrc.ie
"Glenties Parent, Baby and Toddler Group","Playgroups, Baby & Toddler Group","Glenties, County Donegal, Ireland",https://downstrandsfrc.ie/glenties-parent-toddler-group/,,annmariec02@hotmail.com
"Glin Parent, Baby and Toddler Group","Playgroups, Baby & Toddler Group","Ballygiltenan North, County Limerick, Ireland",https://totsspots.com/listing/glin-parent-baby-toddler-group/,,
"Gorey Parent, Baby and Toddler Group","Playgroups, Baby & Toddler Group","St Michael's Rd, Gorey corporation lands, County Wexford, Ireland",https://gyng.ie/wp/yolos/parent-and-toddler/,053 9422611,
Headford/ Cloughanover Parent Baby & Toddler Group,"Playgroups, Baby & Toddler Group","Headford Road, Galway, Ireland",https://totsspots.com/listing/headford-cloughanover-parent-baby-toddler-group/,,josephine.chini@icloud.com
Inistioge Kilkenny - Baby & Toddler Group,"Playgroups, Baby & Toddler Group","Church Street, Inistioge, Kilkenny, Ireland",https://totsspots.com/listing/inistioge-kilkenny-baby-toddler-group/,087 3211926,
Innishannon Parent & Toddler Group,"Playgroups, Baby & Toddler Group","Innishannon Parish Hall, Laherfineen, Innishannon, County Cork, Ireland",https://totsspots.com/listing/innishannon-parent-baby-toddler-group/,,
"Irishtown Limerick Parent, Baby and Toddler Group","Playgroups, Baby & Toddler Group","2 Garryowen Road, Irishtown, Limerick, V94 YW26, Ireland",https://garryowencdp.com/what-we-offer/,0896085304,info@garryowencdp.com
"Irishtown Mayo Parent, Baby and Toddler Group","Playgroups, Baby & Toddler Group","Irishtown, County Mayo, Ireland",https://totsspots.com/listing/irishtown-mayo-parent-baby-toddler-group/,,sinead.costello.mooney@gmail.com
"Kenmare Parent, Baby & Toddler Group","Playgroups, Baby & Toddler Group","Railway Road, Kenmare, Co. Kerry, Ireland",http://www.kenmarefrc.ie/?fbclid=IwZXh0bgNhZW0CMTAAYnJpZBExdEpvak95U0xFbkJad1RSWQEeB1OfZ8QwgwssIPfeezO3VRSYknJggVCDkp1J3nJGn8lVH8t4yrZgZwwF_fY_aem_B8N027XtdeJ-9nsg2gNw9Q,0646642790,
"Kerryhead / Ballyheigue Parent, Baby & Toddler Group","Playgroups, Baby & Toddler Group","Ballyheige, County Kerry, V92 N225, Ireland",https://totsspots.com/listing/kerryhead-ballyheigue-toddler-group/,0667116961,
Kilcummin Baby & Toddler Group,"Playgroups, Baby & Toddler Group","Clashnagarrane, County Kerry, V93 K22T, Ireland",https://totsspots.com/listing/kilcummin-baby-toddler-group/,,kilcumminbabyandtoddlergroup@gmail.com
"Kilflynn Parent, Baby & Toddler Group","Playgroups, Baby & Toddler Group","Kilflynn, County Kerry, Ireland",https://totsspots.com/listing/kilflynn-parent-baby-toddler-group/,0879893847,
"Kilgarvan Parent, Baby & Toddler Group","Playgroups, Baby & Toddler Group","Kilgarvan Community Centre, Churchground, Kilgarvan, County Kerry, Ireland",https://totsspots.com/listing/kilgarvan-parent-baby-toddler-group/,0646642790,
"Kilkelly Parent, Baby and Toddler Group","Playgroups, Baby & Toddler Group","Kilkelly, County Mayo, Ireland",https://totsspots.com/listing/kilkelly-parent-baby-and-toddler-group/,,anneglavey@yahoo.ie
"Kilkishen Parent, Baby & Toddler Group","Playgroups, Baby & Toddler Group","Gortnacorragh, County Clare, V95 KN34, Ireland",https://totsspots.com/listing/kilkishen-parent-baby-toddler-group/,0877556930,
"Killeedy Parent, Baby and Toddler Group","Playgroups, Baby & Toddler Group","Gortnaclohy, County Limerick, V42 V960, Ireland",https://totsspots.com/listing/killeedy-parent-baby-toddler-group/,,
"Killeshandra Parent, Toddler & Baby Group","Playgroups, Baby & Toddler Group","Portaliff Or Townparks, County Cavan, H12 K6D3, Ireland",https://totsspots.com/listing/killeshandra-parent-toddler-baby-group/,0494364065,
"Killinkere Parent, Toddler & Baby Group","Playgroups, Baby & Toddler Group","Beagh Glebe, County Cavan, A82 H9F6, Ireland",https://totsspots.com/listing/killinkere-parent-toddler-baby-group/,,killinkerebtgroup@gmail.com
"Killybegs Parent, Baby and Toddler Group","Playgroups, Baby & Toddler Group","Killybegs, Co. Donegal, Ireland",https://www.facebook.com/profile/100064632253690/search/?q=toddler,,stbyrne@msn.com
"Killyfargy / Scotshouse Parent, Baby & Toddler Group","Playgroups, Baby & Toddler Group","1, 19 Oakland Grove, Aghnahola, Co. Monaghan, Ireland",https://totsspots.com/listing/killyfargy-scotshouse-baby-toddler-group/,0873486166,
Kilmallock/Caherconlish/Hospital/Ballylanders Toddler Group,"Playgroups, Baby & Toddler Group","Ballylanders, County Limerick, Ireland Caherconlish, Co. Limerick, Ireland Knockainey Road, Coolalough, Hospital, Co. Limerick, Ireland Rosbrien Road, Dooradoyle, Limerick, Ireland",https://hospitalfrc.com/family-programmes/parent-toddler/,061383884,hospitalfrc@gmail.com
Kilmore African Caribbean Toddler & Baby Group,"Playgroups, Baby & Toddler Group","Kilmore, Cavan, Ireland",https://www.adcenter-ireland.com/our-projects,,adcenter25@yahoo.ie
"Kilmovee Parent, Baby and Toddler Group","Playgroups, Baby & Toddler Group","Kilmovee, County Mayo, F45 WY80, Ireland",https://kilmovee.ie/parents-toddler-group/,,ccmanager@kilmovee.ie
"Kilnaleck Parent, Toddler & Baby Group","Playgroups, Baby & Toddler Group","Kilnaleck, County Cavan, A82 V9W7, Ireland",https://totsspots.com/listing/kilnaleck-parent-toddler-baby-group/,0872071745,
"Kingscourt Parent, Toddler & Baby Group","Playgroups, Baby & Toddler Group","Dunaree Lane, Dunaree, Kingscourt, Co. Cavan, Ireland",https://totsspots.com/listing/kingscourt-parent-toddler-baby-group/,,
"Kinnitty Parent, Baby and Toddler Group","Playgroups, Baby & Toddler Group","Kinnitty, County Offaly, Ireland",https://totsspots.com/listing/kinnitty-parent-baby-and-toddler-group/,,
Kinnypottle Cavan Toddler Group - Teach Oscail,"Playgroups, Baby & Toddler Group","Kinnypottle, Cavan, H12 H049, Ireland",https://www.teachoscailfrc.ie/my-pathways,0494372730,
Kinvara Parent Baby & Toddler Group,"Playgroups, Baby & Toddler Group","Kinvarra, County Galway, H91 WC64, Ireland",https://totsspots.com/listing/kinvarra-parent-baby-toddler-group/,,karenconneely@gmail.com
"Knockanrawley Parent, Baby & Toddler Group","Playgroups, Baby & Toddler Group","Knockanrawley, Tipperary, E34 D832, Ireland",https://knockanrawley.ie/community-programme/,0834238915,
"Knockmore/Rathduff Parent, Baby and Toddler Group","Playgroups, Baby & Toddler Group","Knockmore, County Mayo, F26 F803, Ireland",https://totsspots.com/listing/knockmore-baby-and-toddler-group/,,manager@knockmore.ie
Knocknaheeny Toddler Group - Barnardos,"Playgroups, Baby & Toddler Group","Knocknaheeney, Cork, T23 X564, Ireland",https://www.barnardos.ie/our-services/work-with-families/parent-and-toddler-group/,021 4307964,knock.reception@barnardos.ie
"Ladysbridge Parent, Baby & Toddler Group","Playgroups, Baby & Toddler Group","Knockglass, County Cork, P25 HC94, Ireland",https://totsspots.com/listing/ladysbridge-parent-toddler-group/,,
"Lattin-Cullen Parent, Baby & Toddler Group","Playgroups, Baby & Toddler Group","Lattin, Co. Tipperary, Ireland",https://totsspots.com/listing/lattin-cullen-parent-baby-toddler-group/,085 7207002,
Le Cheile Parent and Toddler Group,"Playgroups, Baby & Toddler Group","Cluain Glás, Gooldshill, Mallow, County Cork, Ireland",https://www.lecheilefrc.ie/parent-and-toddler/,,admin@lecheilefrc.ie
"Le Chéile Cootehill Parent, Toddler & Baby Group","Playgroups, Baby & Toddler Group","Magheranure, County Cavan, H16 HY50, Ireland",https://totsspots.com/listing/le-cheile-cootehill-parent-toddler-baby-group/,083 059 7481,
Leap Baby &Toddler Group,"Playgroups, Baby & Toddler Group","Kilmacabea, County Cork, P81 CT82, Ireland",https://www.rosscathedral.ie/?fbclid=IwZXh0bgNhZW0CMTAAYnJpZBExdEpvak95U0xFbkJad1RSWQEebR8xWyjx3FfPGPgpcMc7fZ8M9h7vQM5R8_MhKK1SSO4NHuV9d4T4Eepjuo0_aem_yAhWw7d9xUIQotLybtdw3Q,023-8848166,
"Lecanvey Parent, Baby and Toddler Group","Playgroups, Baby & Toddler Group","Thornhill, County Mayo, F28 V0F2, Ireland",https://www.lecanveycommunitycentre.ie/events/toddler-parent-group/,,gemma_ellie@hotmail.com
Letterkenny - Mums and Tots Playgroup,"Playgroups, Baby & Toddler Group","73 Port Rd, Letterkenny, Co. Donegal, F92 TA44, Ireland",https://www.letterkennybaptistchurch.com/activities,,lkbaptist2020@hotmail.com
"Letterkenny Parent, Baby and Toddler Group","Playgroups, Baby & Toddler Group","Letterkenny, County Donegal, F92 YA21, Ireland",https://carahouse.ie/teenagers,0861223029,
"Lifford, Parent, Baby and Toddler Group","Playgroups, Baby & Toddler Group","Croaghan Heights, Lifford, County Donegal, Ireland",https://totsspots.com/listing/lifford-donegal-baby-and-toddler-group/,,jakki.lcrc@gmail.com
"Limerick Parent, Baby and Toddler Group","Playgroups, Baby & Toddler Group","Barrington Street, Prior's-Land, Limerick, Ireland",https://totsspots.com/listing/limerick-parent-toddler-group-michaels-church/,+353 86 849 9521,
"Lisacul Parent, Baby and Toddler Group","Playgroups, Baby & Toddler Group","Lisacul, County Roscommon, Ireland",https://totsspots.com/listing/castlerea-parent-baby-and-toddler-group/,,
"Lisgoold/Leamlara Parent, Baby & Toddler Group","Playgroups, Baby & Toddler Group","Lisgoold North, County Cork, T56 WT26, Ireland",https://totsspots.com/listing/lisgoold-leamlara-parent-baby-toddler-group/,,lisgooldtoddlergroup@gmail.com
"Little Island Parent, Baby & Toddler Group","Playgroups, Baby & Toddler Group","Wallingstown, County Cork, T45 F449, Ireland",https://totsspots.com/listing/little-island-parent-baby-toddler-group/,,littleislandsports@gmail.com
Longford Baby & Toddler Group - St. Josephs's,"Playgroups, Baby & Toddler Group","Townparks, Longford, N39 DY23, Ireland",https://totsspots.com/listing/longford-baby-toddler-group-school/,0858670194,
Longford Town Toddler Group - Community Resource,"Playgroups, Baby & Toddler Group","Templemichael Glebe, Longford, N39 RH22, Ireland",https://lcrl.ie/womens-group-or-parent-and-toddler/,0433345555,
Loughrea Parent Baby & Toddler Group,"Playgroups, Baby & Toddler Group","Pigott's St, Loughrea, Co. Galway, Ireland",https://loughreafamilyresourcecentre.ie/parent-toddler-baby-group/,,familysupport@loughreafamilyresourcecentre.ie
"Malin Head Ballyhillin Parent, Baby and Toddler Group","Playgroups, Baby & Toddler Group","Malin Head, Co. Donegal, Ireland",https://totsspots.com/listing/malin-head-ballyhillin-toddler-group/,,mmoc88@hotmail.com
Maree Parent Baby & Toddler Group,"Playgroups, Baby & Toddler Group","Garraun Upper, County Galway, H91 V12C, Ireland",https://totsspots.com/listing/maree-parent-baby-toddler-group/,,aorourke2002@hotmail.com
"Maudlintown Parent, Baby and Toddler Group","Playgroups, Baby & Toddler Group","Hantoon Road, Wexford, Ireland",http://www.southendfrc.ie/,087 7633002,
"Milford Parent, Toddler & Baby Group","Playgroups, Baby & Toddler Group","The Acres, Milford, Co. Donegal, Ireland",https://thisismilford.com/,,info@mdrc.ie
"Millstreet Parent, Baby & Toddler Group","Playgroups, Baby & Toddler Group","West End, Coomlogane, Millstreet, Co. Cork, Ireland",https://totsspots.com/listing/millstreet-parent-baby-toddler-group/,0857478059,
Monaghan Toddler Group - Teach Na nDaoine,"Playgroups, Baby & Toddler Group","Killyconigan, Monaghan, H18 D218, Ireland",https://teachnadaoinefrc.com/our-supports/,04771398,info@teachnadaoine.com
Monaghan Toddler Groups with no Social Presence,"Playgroups, Baby & Toddler Group","Drum, County Monaghan, H16 FH61, Ireland Skinnagin, Monaghan, Ireland Smithborough, Monaghan, Ireland Glaslough, Co. Monaghan, Ireland Saint Patrick's Church, Church Square, Roosky, Monaghan, Ireland",https://totsspots.com/listing/monaghan-parent-baby-toddler-group/,,
"Monard Parent, Baby and Toddler Group","Playgroups, Baby & Toddler Group","Monard, County Tipperary, Ireland",https://totsspots.com/listing/monard-parent-baby-toddler-group/,086 3667624,
Mooncoin Kilkenny - Baby & Toddler Group,"Playgroups, Baby & Toddler Group","Mooncoin, County Kilkenny, Ireland",https://totsspots.com/listing/mooncoin-kilkenny-baby-toddler-group/,086 2546317,
"Moville Parent, Toddler & Baby Group","Playgroups, Baby & Toddler Group","Magheranappan, County Donegal, F93 X593, Ireland",https://movillefrc.com/parents-and-toddlers-group,,raymond54c@gmail.com
"Moyvane Parent, Baby & Toddler Group","Playgroups, Baby & Toddler Group","Glin Road, Moyvane North, Moyvane, County Kerry, Ireland",https://totsspots.com/listing/moyvane-parent-baby-toddler-group/,,
"Muine Bheag Parent, Baby & Toddler Group -Bagenalstown","Playgroups, Baby & Toddler Group","Moneybeg, Muine Bheag, County Carlow, R21 Y753, Ireland",https://bagenalstownfamilyresourcecentre.ie/services/family-support-services/,,
"Mullagh Parent, Baby and Toddler Group","Playgroups, Baby & Toddler Group","Main Street, Mullagh, Mullagh, County Cavan, Ireland",https://totsspots.com/listing/mullagh-cavan-parent-baby-and-toddler-group/,,pandtgroup2021@gmail.com
"Nenagh Parent, Baby and Toddler Group","Playgroups, Baby & Toddler Group","Tyone, Nenagh, County Tipperary, E45 FC94, Ireland",https://www.silverarchfrc.ie/news/145/community-families-parent-toddler-amp-baby-groups.php,087 9520130,info@silverarchfrc.ie
"New Ross Parent, Baby and Toddler Group","Playgroups, Baby & Toddler Group","Bullawn, New Ross, County Wexford, Ireland","https://www.youthnewross.com/parentchild/#:~:text=3.-,Parent%20and%20toddler%20group,Kitchen%20in%20Youth%20New%20Ross.",051 425 415,
"Newcastle West Parent, Baby and Toddler Group","Playgroups, Baby & Toddler Group","Desmond Business Park, Gortboy, Newcastle West, Co. Limerick, Ireland",https://totsspots.com/listing/kids-and-co-parent-baby-toddler-group/,,
Newpark Kilkenny - Baby & Toddler Group,"Playgroups, Baby & Toddler Group","Newpark Lower, Kilkenny, R95 X588, Ireland",https://www.kilkennychurch.com/parents-toddlers,086 1547151,
"Newport Parent, Baby and Toddler Group","Playgroups, Baby & Toddler Group","Cloondaff, County Mayo, F28 P9P7, Ireland",https://totsspots.com/listing/newport-parent-baby-toddler-group/,,kath.omalley@hotmail.co.uk
"Newport Parent, Baby and Toddler Group","Playgroups, Baby & Toddler Group","Clonbealy, Newport, County Tipperary, V94 EY72, Ireland",https://www.silverarchfrc.ie/news/145/community-families-parent-toddler-amp-baby-groups.php,087 9520130,info@silverarchfrc.ie
"Newtown Cork Parent, Baby & Toddler Group","Playgroups, Baby & Toddler Group","Newtownshandrum, County Cork, Ireland",https://totsspots.com/listing/newtownshandrum-parent-baby-toddler-group/,0861918543,
"Oughterard / Clann / Corrib Parent, Baby & Toddler Group","Playgroups, Baby & Toddler Group","Oughterard, Co. Galway, Ireland",http://clannrescentre.com/activities/children-activities/corrib-baby-and-toddler/,,developmentofficer@clannrescentre.com
"Pettigo Parent, Toddler & Baby Group","Playgroups, Baby & Toddler Group","High Street, Pettigo, County Donegal, Ireland",https://totsspots.com/listing/pettigo-donegal-toddler-group/,,theforgefrc@protonmail.com
"Portarlington Parent, Baby & Toddler Group","Playgroups, Baby & Toddler Group","Link Road, Cooltederry, Portarlington, County Laois, Ireland",https://totsspots.com/listing/portarlington-laois-parent-baby-toddler-group/,,carolarogan.ck@gmail.com
Quin Baby & Toddler Group,"Playgroups, Baby & Toddler Group","Quingardens, County Clare, V95 RX75, Ireland",https://totsspots.com/listing/quin-baby-toddler-group-clare/,0860486263,quintoddlergroup@gmail.com
"Quin Village Parent, Baby and Toddler Group","Playgroups, Baby & Toddler Group","Quingardens, County Clare, V95 RX75, Ireland",https://totsspots.com/listing/quin-village-parent-baby-and-toddler-group/,0831179172,
"Rahara Parent, Baby and Toddler Group","Playgroups, Baby & Toddler Group","Rahara, County Roscommon, F42 XR20, Ireland",https://totsspots.com/listing/rahara-parent-baby-and-toddler-group/,,
"Ramsgrange Parent, Baby and Toddler Group","Playgroups, Baby & Toddler Group","Ramsgrange, County Wexford, Ireland",http://swwfrc.ie/family-supports-swwfrc/the-parent-and-toddler-group/,087 3605595,
Raphoe Family Resource Centre Toddler Group,"Playgroups, Baby & Toddler Group","Raphoe Townparks, County Donegal, F93 DX0E, Ireland",https://raphoefrc.ie/little-smiles-with-big-dreams-toddler-group-2,,laura.doran@raphoefrc.ie
Raphoe Little Sparks Donegal Toddler Group,"Playgroups, Baby & Toddler Group","Derry Road, Magherasollus, Donegal, Ireland",https://totsspots.com/listing/raphoe-donegal-sparks-toddler-group/,,kathycarter73@msn.com
"Raphoe Parent, Baby, Toddler Group","Playgroups, Baby & Toddler Group","Raphoe Townparks, County Donegal, F93 XF53, Ireland",https://totsspots.com/listing/raphoe-donegal-toddler-group/,,claire.okane@dpfss.ie
"Rathedmond Parent, Baby and Toddler Group","Playgroups, Baby & Toddler Group","Wine Street, Rathedmond, Sligo, Ireland",https://totsspots.com/listing/rathedmond-parent-baby-toddler-group/,087 9137713,
"Rathnure Parent, Baby and Toddler Group","Playgroups, Baby & Toddler Group","Rathnure Upper, County Wexford, Y21 V228, Ireland",https://totsspots.com/listing/rathnure-parent-baby-toddler-group/,086 8428848,
"Ray Parent, Toddler & Baby Group","Playgroups, Baby & Toddler Group","Ray, County Donegal, F92 CD70, Ireland",https://totsspots.com/listing/ray-donegal-toddler-group/,,mariekgordon@hotmail.com
"Reenard (South Kerry) Parent, Baby & Toddler Group","Playgroups, Baby & Toddler Group","Reenard, County Kerry, V23 TX20, Ireland",https://totsspots.com/listing/reenard-parent-baby-toddler-group/,087 7606631,
Renaniree Parent & Toddler Group,"Playgroups, Baby & Toddler Group","Reananerree, County Cork, P12 F447, Ireland",https://totsspots.com/listing/renaniree-parent-baby-toddler-group/,0879639293,
Renmore Parent Baby & Toddler Group,"Playgroups, Baby & Toddler Group","Renmore Avenue, Renmore, Galway, Ireland",https://totsspots.com/listing/renmore-parent-baby-toddler-group/,,lodonnell1@gmail.com
"Rockchapel Parent, Baby & Toddler Group","Playgroups, Baby & Toddler Group","Tooreennagrena, County Cork, P51 T670, Ireland",https://totsspots.com/listing/rockchapel-baby-toddler-group/,087 6818113,
"Rooskey Parent, Baby and Toddler Group","Playgroups, Baby & Toddler Group","Main St, Roosky, County Roscommon, Ireland",https://totsspots.com/listing/rooskey-parent-baby-and-toddler-group/,,
"Roscrea / Corville Parent, Baby and Toddler Group","Playgroups, Baby & Toddler Group","Roscrea, Co. Tipperary, Ireland",https://totsspots.com/listing/corville-parent-baby-toddler-group/,086 1913383,
Rossbrien - Mother & Toddler Group - Adapt - Domestic Abuse,"Playgroups, Baby & Toddler Group","Rossbrien, Limerick, Ireland",https://adaptservices.ie/child-and-youth/,,childcare@adaptservices.ie
"Rosslare Parent, Baby and Toddler Group","Playgroups, Baby & Toddler Group","Bearlough, County Wexford, Y35 CC9N, Ireland",https://www.rosslareholidayresort.ie/events,053-9132202,
"Schull Parent, Baby & Toddler Group","Playgroups, Baby & Toddler Group","Pier Road, Meenvane, Schull, Cork, Ireland",https://totsspots.com/listing/schull-parent-baby-toddler-group/,,
"Shanakill Tralee Parent, Baby & Toddler Group","Playgroups, Baby & Toddler Group","Shanakill Estate, Tralee, County Kerry, Ireland",https://totsspots.com/listing/shanakill-parent-baby-toddler-group/,089 4678544,
"Shannon Parent, Baby & Toddler Group","Playgroups, Baby & Toddler Group","Smithstown, Shannon, County Clare, V14 KX52, Ireland",https://totsspots.com/listing/shannon-parent-baby-toddler-group/,086 300 9450,
"Shannon Parent, Baby & Toddler Group - Resource Centre","Playgroups, Baby & Toddler Group","Ballycasey More, Shannon, County Clare, V14 XV97, Ireland",https://www.shannonfrc.com/parentandtoddler.html,061707600,admin@shannonfrc.ie
"Sheeps Head Parent, Baby & Toddler Group","Playgroups, Baby & Toddler Group","Durrus, County Cork, Ireland",https://totsspots.com/listing/sheeps-head-parent-baby-toddler-group/,,
"Shercock Parent, Baby and Toddler Group","Playgroups, Baby & Toddler Group","Shercock, County Cavan, Ireland",https://totsspots.com/listing/shercock-parent-baby-and-toddler-group/,,shercockchildresource@eircom.net
"Sligo Parent, Baby and Toddler Group","Playgroups, Baby & Toddler Group","49 The Mall, Rathquarter, Sligo, Ireland",https://sligofamilyresourcecentre.org/parent-and-toddler-group/,071 91 46315,
"Strandhill Parent, Baby and Toddler Group","Playgroups, Baby & Toddler Group","Carrowbunnaun, Co. Sligo, Ireland Carrowbunnaun, County Sligo, F91 XH50, Ireland",https://totsspots.com/listing/strandhill-parent-baby-toddler-group/,086 6038260,
"Stranorlar Parent, Baby and Toddler Group","Playgroups, Baby & Toddler Group","Stranorlar, County Donegal, Ireland",https://totsspots.com/listing/stranorlar-parent-baby-and-toddler-group/,,sally.mooney@finnvalleyfrc.ie
"Swanlinbar Parent, Baby and Toddler Group","Playgroups, Baby & Toddler Group","Swanlinbar, County Cavan, Ireland",https://totsspots.com/listing/swanlinbar-parent-baby-and-toddler-group/,,samymac1@live.ie
"Swinford Parent, Baby and Toddler Group","Playgroups, Baby & Toddler Group","Cuilmore Rd, Cloonlara, County Mayo, Ireland",https://totsspots.com/listing/swinford-parent-baby-and-toddler-group/,,grainne-king15@outlook.com
"Taghmon Parent, Baby and Toddler Group","Playgroups, Baby & Toddler Group","Taghmon, County Wexford, Y35 WTP3, Ireland",http://taghmonfrc.ie/?fbclid=IwZXh0bgNhZW0CMTAAAR1nCALu5Aq2sRK76VVZKFLvhAgVXB6HNBkffxlgR2msaWS-zi_20M9ZPro_aem_328nOz86NtT11BsqNOWYFw,053 9134465,
"Templemore Parent, Baby and Toddler Group","Playgroups, Baby & Toddler Group","Kiltillane, County Tipperary, E41 X433, Ireland",https://totsspots.com/listing/templemore-corville-parent-baby-toddler-group/,0831606832,
"Termon Parent, Toddler & Baby Group","Playgroups, Baby & Toddler Group","Termon, County Donegal, Ireland",https://craoibhintermon.ie/programs/,074 911 9988,
"Thurles Parent, Baby and Toddler Group","Playgroups, Baby & Toddler Group","Thurles Townparks, Thurles, County Tipperary, E41 A4E8, Ireland",https://www.silverarchfrc.ie/news/145/community-families-parent-toddler-amp-baby-groups.php,087 9520130,info@silverarchfrc.ie
"Togher Parent, Baby & Toddler Group","Playgroups, Baby & Toddler Group","Togher, Cork, T12 DN1Y, Ireland",https://tfamc.ie/?fbclid=IwY2xjawKR0ohleHRuA2FlbQIxMABicmlkETF0Sm9qT3lTTEVuQlp3VFJZAR4uwKOE5IV_GbZnmS5FsdChqtuvOH3seMiTjuTCdt6C8fukNhSx_CaYtc6WHQ_aem_zg-6wndANClDK3HvjCzBZw,,operations@tfamc.ie
"Tralee (St Brendan's) Parent, Baby & Toddler Group","Playgroups, Baby & Toddler Group","Rahoonane, Tralee, County Kerry, V92 XA36, Ireland",https://totsspots.com/listing/tralee-parent-baby-toddler-group/,,
Tralee Down Syndrome Toddler Group,"Playgroups, Baby & Toddler Group","Tralee, County Kerry, V92 YK79, Ireland",https://downsyndrome.ie/branches-detail/kerry/,0874330090,
"Tubbercurry Parent, Baby and Toddler Group","Playgroups, Baby & Toddler Group","Mountain Rd, Tobercurry, Co. Sligo, Ireland",https://tubbercurryfrc.com/,071 91 86926,
"Tulla Parent, Baby & Toddler Group","Playgroups, Baby & Toddler Group","Chapel St, Tulla, Co. Clare, Ireland",https://totsspots.com/listing/tulla-parent-baby-toddler-group/,087 6860800,
Tullow Parent & Toddler Group Carlow,"Playgroups, Baby & Toddler Group","Tullowphelim, County Carlow, R93 CY68, Ireland",https://www.forwardstepsfrc.com/servicessupport,059 9152776,receptionforwardsteps@gmail.com
"Turlough Parent, Baby and Toddler Group","Playgroups, Baby & Toddler Group","Turlough Rd, Castlebar, Co. Mayo, Ireland",https://totsspots.com/listing/turlough-parent-baby-and-toddler-group/,,
Watergrasshill Playgroup,"Playgroups, Baby & Toddler Group","Mitchellsfort, County Cork, T56 X021, Ireland",https://www.facebook.com/share/577zzhoQSn4Hu6GA/,+353 83 858 4097,Lsmith_sa@yahoo.com
"Westport Parent, Baby and Toddler Group","Playgroups, Baby & Toddler Group","Cahernamart, Westport, County Mayo, F28 FN32, Ireland",https://totsspots.com/listing/westport-parent-baby-toddler-group/,,westportpandt@gmail.com
Westside Parent Baby & Toddler Group,"Playgroups, Baby & Toddler Group","Galway, H91 R853, Ireland",https://www.westsideresourcecentre.ie/index.html,,info@westsideresourcecentre.ie
"Wexford Down Syndrome Parent, Baby and Toddler Group","Playgroups, Baby & Toddler Group","Crannford, County Wexford, Ireland",https://downsyndrome.ie/branches-detail/wexford/,086 3332845,
Whitechurch and Waterloo Toddler Group,"Playgroups, Baby & Toddler Group","Farranastig, County Cork, T34 RR58, Ireland",https://totsspots.com/listing/whitechurch-waterloo-toddler-group/,,
Woodford/Surrounding Areas Parent Baby & Toddler Group,"Playgroups, Baby & Toddler Group","Woodford, Galway, Ireland",https://totsspots.com/listing/woodford-parent-baby-toddler-group/,,woodfordplaygroup@gmail.com
"Belmullet Parent, Baby and Toddler Group","Playgroups, Baby Massage, Baby & Toddler Group","Logmore, County Mayo, Ireland",https://totsspots.com/listing/belmullet-parent-baby-toddler-group/,,aine.conway47@gmail.com
Mahon Parent and Toddler Group & Baby Massage Cork,"Playgroups, Baby Massage, Baby & Toddler Group","Mahon, Cork, T12 Y180, Ireland",https://mahonfamilycentre.wixsite.com/themahonfamilycentre/blank-1,,
"Downstrands Parent, Baby and Toddler Group","Playgroups, Baby Massage, For Parents, Baby & Toddler Group","Kilclooney Beg, County Donegal, F94 DN83, Ireland",https://downstrandsfrc.ie/downstrands-parent-toddler-group/,,familysupportdfrc@protonmail.com
Bloom Baby Classes Midlands Ireland,"Playgroups, Baby Massage, Sensory/Messy Play","Mucklagh, County Offaly, R35 DN02, Ireland Crannagh, County Roscommon, N37 T298, Ireland Aghafin, County Longford, N39 W425, Ireland Springfield Or Spittlefield, Mullingar, County Westmeath, N91 PX22, Ireland",http://www.bloombabyclasses.com/midlands-ireland/,0857357963,maria@bloombabyclasses.com
Bloom Baby Classes North West Ireland,"Playgroups, Baby Massage, Sensory/Messy Play, Movement & Play","Townparks, Carrick-On-Shannon, County Leitrim, N41 X9D6, Ireland",https://www.bloombabyclasses.com/north-west-ireland/,089 4082728,trish@bloombabyclasses.com
Bloom Baby Classes North West Ireland,"Playgroups, Baby Massage, Sensory/Messy Play, Movement & Play","Abbeyhalfquarter, Ballina, County Mayo, F26 E7D6, Ireland",https://www.bloombabyclasses.com/north-west-ireland/,089 4082728,trish@bloombabyclasses.com
Down Syndrome Limerick Toddler Group/ Social Club - Newcastle/Castletroy,"Playgroups, Baby Massage, Swimming, Social, Baby & Toddler Group","Newcastle, Limerick, V94 D998, Ireland Bawnmore, County Limerick, Ireland Castletroy, County Limerick, Ireland",https://downsyndromelimerick.ie/activities-for-members/,061 334023,info@downsyndromelimerick.ie
Ardfallen/Douglas Breastfeeding and Toddler Group,"Playgroups, Breast Feeding, Baby & Toddler Group","Douglas Road, Cork, Ireland",https://www.lalecheleagueireland.com/groups,,
"Corglass Cavan Parent, Baby and Toddler Group","Playgroups, Breast Feeding, Baby & Toddler Group","Corglass, County Cavan, H12 ND36, Ireland",http://cavanbaptist.ie/little-hands-toddler-group/,0892374924,
Monaghan / Castleblayney Breastfeeding & Baby Group,"Playgroups, Breast Feeding, Baby & Toddler Group","Dernaglug, County Monaghan, A75 EF99, Ireland Latlorcan, Monaghan, H18 RK15, Ireland",https://www.lalecheleagueireland.com/groups,,lalecheleaguemonaghan@gmail.com
Tipperary Town Toddler Group & Breastfeeding Group,"Playgroups, Breast Feeding, Baby & Toddler Group","Carrownreddy, Tipperary, E34 EE39, Ireland",https://threedrivesfrc.org/index.php/family-support/,062-80831,infothreedrivesfrc@gmail.com
"Dunfanaghy & Creeslough Parent, Baby and Toddler Group","Playgroups, Breast Feeding, Baby Massage, Baby & Toddler Group","Creeslough, County Donegal, Ireland Dunfanaghy, County Donegal, Ireland",https://totsspots.com/listing/dunfanaghy-creeslough-toddler-group/,,
Tuam Library - Toddler Group/ Breastfeeding Group/ Storytime,"Playgroups, Breast Feeding, Storytime, Baby & Toddler Group","Corralea West, Tuam, County Galway, H54 F627, Ireland",https://galway.spydus.ie./cgi-bin/spydus.exe/MSGTRN/WPAC/HOME,093 24287,tuam@galwaylibrary.ie
Ballybane Library - Toddler Group / Junior Book Club,"Playgroups, Breast Feeding, Storytime, Reading/Writing, Baby & Toddler Group","Castlepark Rd, Galway, Ireland",https://galway.spydus.ie./cgi-bin/spydus.exe/MSGTRN/WPAC/HOME,091 509244,ballybane@galwaylibrary.ie
Zumbini,"Playgroups, Dance, Music","2 Sandy Ln, Cooltederry, Portarlington, Co. Laois, R32 V4K7, Ireland Monasterevin Community Hall, Main Street, Monasterevin, County Kildare, Ireland New Oak Estate, Carlow, Ireland",https://www.zumbini.com/en/classes/18216,0894653938,joannamichalska888@gmail.com
Kaleidoscope Kids Newcastle West,"Playgroups, Dance, Music, Art & Crafts, Baby Massage, Yoga & Wellness, Sensory/Messy Play, Movement & Play, Other","Castle Demesne, Newcastle West, County Limerick, V42 PN25, Irlandia",https://totsspots.com/listing/kaleidoscope-kids-newcastle-west-community-centre/,+353876201545,eva.walewska@gmail.com
Ennistymon Toddler Group & Breastfeeding groups,"Playgroups, Football, Social, Baby & Toddler Group","Ennistimon, County Clare, V95 NX86, Ireland",http://www.northwestclarefamilyresourcecentre.com/whatson.html,0657071144,info@northwestclarefrc.ie
"Glenroe / Ballyorgan Parent, Baby and Toddler Group","Playgroups, For Parents, Baby & Toddler Group","Glenroe, County Limerick, Ireland",https://totsspots.com/listing/glenroe-ballyorgan-parent-baby-toddler-group/,,
Portarlington Toddler Group & Buggy Group,"Playgroups, For Parents, Baby & Toddler Group","Cooltederry, Portarlington, County Laois, R32 YK24, Ireland",https://totsspots.com/listing/portarlington-toddler-group-buggy-group/,087 398 2548,
Rathanna Parent & Toddler Group/ Walking Group Carlow,"Playgroups, For Parents, Baby & Toddler Group","Rathanna, County Carlow, R95 HH68, Ireland",https://totsspots.com/listing/rathanna-parent-toddler-group/,0857074738,
Ardtreo Gymnastics Academy,"Playgroups, Gymnastics, Movement & Play","Kilmore East, County Monaghan, H18 HY65, Ireland",https://ardtreo-gymnastics-monaghan.square.site/,0874547139,ardtreogymnasticsacademy@gmail.com
Monaghan Parent and Toddler Group in Irish,"Playgroups, Language, Baby & Toddler Group","20 Park Street, Mullaghmonaghan, Monaghan, Ireland",https://totsspots.com/listing/monaghan-parent-and-toddler-group-irish/,,eolas.mlg@cnag.ie
Sensory Spraoi,"Playgroups, Language, Sensory/Messy Play","Adare, County Limerick, Ireland",https://totsspots.com/listing/sensory-spraoi/,,sensoryspraoi@gmail.com
Phonics with Robot Reg Galway,"Playgroups, Language, Sensory/Messy Play, Movement & Play, Social, Baby & Toddler Group","Oranmore Community Centre, Dublin Road, Frenchfort, Oranmore, County Galway, Ireland Mountbellew, County Galway, Ireland",https://www.phonicswithrobotreg.ie/galway,0851850286,karen@phonicswithrobotreg.ie
Bridgeways Family Resource Centre,"Playgroups, Martial Arts & Boxing, Social","Dean Egan Library, Main St, Ballymahon, Co. Longford, N39 TD54, Ireland",https://bridgewaysfrc.com/bridgeways-frc-services/groups/,(090) 643 2691,admin@bridgewaysfrc.com
"Move To Improve - Carrickmacross, Drogheda","Playgroups, Movement & Play","Philipstown, County Louth, A92 A9W3, Ireland Drummond Otra, County Monaghan, A81 TW29, Ireland Beaulieu, County Louth, A92 ET95, Ireland",https://totsspots.com/listing/move-to-improve-kids-class-philipstown/,,
Stretch n Grow Parent & Me Fun Fitness,"Playgroups, Movement & Play","Church Cottage, Enniskerry Road, Glebe, Kilternan, County Dublin, Ireland",https://totsspots.com/listing/stretch-n-grow-parent-toddler-class-kilternan/,087 9493059,sngdublin@gmail.com
Ready to Play,"Playgroups, Music, Sensory/Messy Play, Movement & Play","Waterford, X91 W288, Ireland Dundaryark, County Kilkenny, R95 D7X3, Ireland Whiterock North, Co. Wexford, Ireland Shandon, Dungarvan, Co. Waterford, Ireland Enniscorthy, County Wexford, Y21 W640, Ireland Borleagh, Killinierin, County Wexford, Y25 P954, Ireland Borris Little, Portlaoise, County Laois, R32 FH67, Ireland Church St, Tullamore, Co. Offaly, Ireland Forest Park, Mullingar Business Park, Mullingar, Co. Westmeath, Ireland Monksland, Co. Roscommon, Ireland",https://www.ready2play.ie/find-location,,
Tap and Toddle,"Playgroups, Music, Storytime, Sensory/Messy Play, Movement & Play","Mayo, County Mayo, Ireland",https://totsspots.com/listing/tap-and-toddle/,,tapandtoddle@gmail.com
"Cleaveragh Parent, Baby and Toddler Group","Playgroups, Other, Baby & Toddler Group","Cleveragh Dr, Cleaveragh Demesne, Sligo, Ireland",https://www.theavaloncentre.ie/programmes,085 8191148,
Outdoor Playgroup for toddlers to 10 years - Down to Earth,"Playgroups, Other, Baby & Toddler Group","Pollagh, County Galway, Ireland",https://downtoearthforestschool.ie/,,downtoearthgalway@gmail.com
"Castleblayney Library Baby, Toddler and Kids Groups","Playgroups, STEM, Social, Baby & Toddler Group","Onomy, County Monaghan, A75 V383, Ireland",https://monaghan.spydus.ie/cgi-bin/spydus.exe/ENQ/WPAC/GENENQ?SETLVL=&LOCX=5B,0429740281,castleblayneylibrary@monaghancoco.ie
Baby Sensory Class - Midwife For You,"Playgroups, Sensory/Messy Play","Ballyheyland, County Laois, R32 XF5T, Ireland",https://www.midwifeforyou.com/,0852692847,helenmidwifeforyou@gmail.com
Baby Sensory Northwest,"Playgroups, Sensory/Messy Play","Sligo Airport Business Park, Airport Rd, Killaspugbrone, Strandhill, Co. Sligo, Ireland Donegal Town Business Park, Lough Eske Rd, Drumroosk West, Donegal, F94 FX3A, Ireland",https://www.babysensory.ie/northwest/,+353871167751,northwest@babysensory.ie
Mindful Sensory Play by Playtime Healing,"Playgroups, Sensory/Messy Play","Church of the Immaculate Conception, Western Rd, Tawnies Upper, Clonakilty, Co. Cork, Ireland Edina, 10 St Patrick's Rd, Turners Cross, Cork, T12 A44P, Ireland",https://www.playtimehealing.ie,0834705606,playtimehealing@gmail.com
Nana's Playroom,"Playgroups, Sensory/Messy Play","Ballinlough Comm Ctr, Ballintemple, Cork, Co. Cork, Ireland",https://www.instagram.com/nanas_playroom/?hl=en,,nanasplayroomcork@gmail.com
Play with Trayz,"Playgroups, Sensory/Messy Play","Gooldshill, County Cork, P51 VAK2, Ireland Collis Sandes House, Killeen, Tralee, County Kerry, Ireland Collis Sandes House, Killeen, Tralee, County Kerry, Ireland Kanturk, County Cork, Ireland",https://www.instagram.com/playwithtrayz/,,theresesheehy1988@gmail.com
Sensory Play Studio,"Playgroups, Sensory/Messy Play","Burgagery-Lands West, Clonmel, County Tipperary, E91 Y312, Ireland",https://sensoryplaystudio.ie/,085-1588525,hello@sensoryplaystudio.ie
Tiny Tornados,"Playgroups, Sensory/Messy Play","Tralee, County Kerry, Ireland",https://totsspots.com/listing/tiny-tornados/,,tinytornadoskerry@gmail.com
Tiny Tornados,"Playgroups, Sensory/Messy Play","Cahir, County Tipperary, Ireland",https://totsspots.com/listing/messy-play-limerick-tipperary/,,Messyplaycahir@gmail.com
Tiny Tornados Kerry,"Playgroups, Sensory/Messy Play","Tralee, County Kerry, Ireland",https://www.instagram.com/tiny_tornados_kerry?igsh=eGpwM2EyNXgyNTZk&utm_source=qr,,tinytornadoskerry@gmail.com
Sound and Scribble,"Playgroups, Sensory/Messy Play, Baby & Toddler Group","33 St Patrick's Ave, Knockacroghery, Castlebar, Co. Mayo, F23 PV07, Ireland Knockacroghery, County Mayo, F23 PF59, Ireland",https://totsspots.com/listing/sound-and-scribble/,0860739006,claireburke1717@gmail.com
Nurture and Play,"Playgroups, Sensory/Messy Play, For Parents","Maree, County Galway, Ireland Ballinderreen, County Galway, Ireland Athenry, County Galway, Ireland Craughwell, County Galway, Ireland",https://www.facebook.com/profile.php?id=61565478435216,,nurtureandplayclasses@outlook.com
Baby Sensory Limerick & Kerry,"Playgroups, Sensory/Messy Play, Movement & Play","Tralee, County Kerry, Ireland Listowel, County Kerry, Ireland Childers Road, Galvone, Limerick, Ireland",http://www.babysensory.ie/kerry,0876220768,Kerrylimerick@babysensory.ie
Maia Purposeful Play,"Playgroups, Sensory/Messy Play, Movement & Play","Ballysadare, County Sligo, F91 YK76, Ireland Shannon, County Clare, Ireland Ennis, County Clare, Ireland",https://www.maiapurposefulplay.ie/,0894689654,info@maiapurposefulplay.ie
Maia Purposeful Play,"Playgroups, Sensory/Messy Play, Movement & Play","Ballysadare, County Sligo, F91 YK76, Ireland",https://www.maiapurposefulplay.ie/,0894689654,info@maiapurposefulplay.ie
Rossinver Outdoor Parent & Toddler Group,"Playgroups, Sensory/Messy Play, Other, Baby & Toddler Group","Rossinver, Co. Leitrim, Ireland",https://www.theorganiccentre.ie/get-involved/community-groups,086 0533700,info@theorganiccentre.ie
Rathdowney Children With Additional Needs Social Group,"Playgroups, Social","Rathdowney, Co. Laois, Ireland",https://totsspots.com/listing/rathdowney-additional-needs-social-group/,085 8708562,Chloemartin317@gmail.com
Drumsna Extra Special Parent & Toddler Group,"Playgroups, Social, Baby & Toddler Group","Drumsna, County Leitrim, N41 D9P9, Ireland",https://totsspots.com/listing/drumsna-toddler-group/,087 743 7262,extraspecialptg@gmail.com
Portlaoise Family Resource Centre - Toddler & Kids Groups,"Playgroups, Social, Baby & Toddler Group","Harpur's Lane, Knockmay, Portlaoise, County Laois, Ireland",https://www.portlaoisefrc.ie/services/courses-groups/,0578686151,info@portlaoisefrc.ie
Tuam Library - Baby and Toddler Group,"Playgroups, Storytime, Baby & Toddler Group","Corralea West, Tuam, County Galway, H54 F627, Ireland",https://galway.spydus.ie./cgi-bin/spydus.exe/MSGTRN/WPAC/HOME,093 24287,tuam@galwaylibrary.ie
Birr Library,"Playgroups, Storytime, Reading/Writing","Townparks, County Offaly, R42 KD37, Ireland",https://www.offaly.ie/birr-library/,+353 (57) 9124950,birrlibrary@offalycoco.ie
Tullow & Carlow Central Library,"Playgroups, Storytime, Reading/Writing","Carlow, R93 E7R7, Ireland Carlow, R93 K126, Ireland",https://carlow.ie/libraries/library-events-and-activities-0/library-clubs,(059) 9129705,
Abbeyleix Library - Baby & Toddler Group / Kids Chess Club,"Playgroups, Storytime, STEM, Baby & Toddler Group","Rathmoyle, County Laois, R32 CY65, Ireland",https://laois.ie/library-branches/abbeyleix-library,057 8730020,abbeyleixlibrary@laoiscoco.ie
Toddler Group Time in Cork Libraries,"Playgroups, Storytime, STEM, Baby & Toddler Group","Blackpool Shopping Centre, Cork, Ireland Hollyhill, County Cork, Ireland Douglas, Cork, Ireland",https://totsspots.com/listing/cork-libraries-toddler-time/,,
Clara Library,"Playgroups, Storytime, STEM, Reading/Writing","Erry (Maryborough), County Offaly, R35 NW63, Ireland",https://www.offaly.ie/clara-library/,+353 (57) 9331389,claralibrary@offalycoco.ie
Wexford Town Library,"Playgroups, Storytime, STEM, Reading/Writing","Townparks, Wexford, Y35 AY20, Ireland",https://wexfordcoco.libcal.com/profile/37378#,+353 53 9196760,wexfordlibrary@wexfordcoco.ie
Mountmellick - Toddler Group / Kids Book Clubs / Lego Group,"Playgroups, Storytime, STEM, Reading/Writing, Social, Baby & Toddler Group","Townparks, County Laois, R32 PX61, Ireland",https://laois.ie/library-branches/mountmellick-library,057 8689382,mountmellicklibrary@laoiscoco.ie
Portarlington- Baby Group / Kids Book Clubs / Lego Group,"Playgroups, Storytime, STEM, Reading/Writing, Social, Baby & Toddler Group","Cooltederry, Portarlington, County Laois, R32 F9WF, Ireland",https://laois.ie/library-branches/portarlington-library,057 8643751,portarlingtonlibrary@laoiscoco.ie
Portlaoise Library - Baby & Toddler Group / Kids Book Clubs,"Playgroups, Storytime, STEM, Reading/Writing, Social, Baby & Toddler Group","Maryborough, Portlaoise, County Laois, R32 N7EP, Ireland",https://laois.ie/library-branches/portlaoise-library,05786 22333,portlaoiselibrary@laoiscoco.ie
"Carrickmacross Library Baby, Toddler and Kids Groups","Playgroups, Storytime, STEM, Social, Baby & Toddler Group","Drummond Otra, County Monaghan, A81 HY83, Ireland",https://monaghan.spydus.ie/cgi-bin/spydus.exe/ENQ/WPAC/GENENQ?SETLVL=&LOCX=5C,0429661148,carrickmacrosslibrary@monaghancoco.ie
"Monaghan Library Baby, Toddler and Kids Groups","Playgroups, Storytime, STEM, Social, Baby & Toddler Group","Plantation Road, Kilnacloy, Monaghan, Co. Monaghan, Ireland",https://monaghan.spydus.ie/cgi-bin/spydus.exe/ENQ/WPAC/GENENQ?SETLVL=&LOCX=5G,04781830,monaghanlibrary@monaghancoco.ie
Stories & Stations,"Playgroups, Storytime, Sensory/Messy Play, Movement & Play","Quingardens, County Clare, V95 RX75, Ireland",https://www.instagram.com/storiesandstations?igsh=MWk1eWwzaXRqYjFpeg==,,storiesandstations@gmail.com
The Yoga Fairy Classes,"Playgroups, Yoga & Wellness, Movement & Play","Knocknamoe, County Laois, R32 H3K8, Ireland",https://totsspots.com/listing/the-yoga-fairy-classes/,,aineirwin86@gmail.com
Kangoo Jumps Galway,"Playgroups, Yoga & Wellness, Movement & Play, For Parents","3a Rowan Ave, Galway, Ireland Unit 7B, Oranmore Business Park, Co. Galway, Ireland",https://www.instagram.com/kangoo_club_galway?igsh=MXNwbnVpYXI2dnZkZQ==%20%20%20%20%20%20%20%20%20%20https://www.facebook.com/share/1FAt5Z2BB9/,+353876003575,kangoojumpsgalway@gmail.com
Piccolo Play Village Yoga & Sensory classes,"Playgroups, Yoga & Wellness, Sensory/Messy Play","Ballincollig, Cork, P31 K661, Ireland",https://piccoloplayvillage.ie/,+353214870180,hello@piccoloplayvillage.ie
Baby & Toddler Group/Swimming Group,"Playgroups, Yoga & Wellness, Swimming, For Parents, Baby & Toddler Group","Galway, H91 DKF7, Ireland Galway, H91 FEK2, Ireland Galway, H91 D526, Ireland",https://www.ardfrc.com/activities,091768 852,martina@ardfrc.com
Gorey Library - Baby and Kids Groups,"Reading/Writing, Baby & Toddler Group, Playgroups, Storytime, STEM","Gorey corporation lands, County Wexford, Y25 WK37, Ireland",https://wexfordcoco.libcal.com/profile/37377#,+ 353 53 9483820,goreylibrary@wexfordcoco.ie
Enniscorthy Library,"Reading/Writing, Playgroups, Storytime, STEM","Townparks, Wexford, Y35 AY20, Ireland",https://wexfordcoco.libcal.com/profile/37378#,+353 53 9196760,wexfordlibrary@wexfordcoco.ie
Mountrath - Toddler Group / Kids Book Clubs / STEM Group,"Reading/Writing, Social, Baby & Toddler Group, Playgroups, Storytime, STEM","Mountrath, County Laois, R32 D576, Ireland",https://laois.ie/library-branches/mountrath-library,057 8756378,mountrathlibrary@laoiscoco.ie
STEM101,STEM,"Ballincollig, Cork, Ireland Community Community Complex, Church Road, Carrigaline Middle, Carrigaline, County Cork, Ireland",https://www.instagram.com/stem1.01?igsh=MWJjeW5uNzF3NWxxbQ%3D%3D&utm_source=qr,0852512960,Hello@dreamydoodles.org
Messy Tots for Little Ones,Sensory/Messy Play,"Ballina, County Mayo, Ireland",https://totsspots.com/listing/messy-tots-for-little-ones/,0892200234,magdalena.ciesielska333@gmail.com
Playful Páistí,Sensory/Messy Play,"Lecklevera, County Monaghan, H18 KF58, Ireland",https://totsspots.com/listing/playful-paisti/,0873695599,melissanifhiachra@gmail.com
Sense of Wonder Sensory Play,Sensory/Messy Play,"Quin, County Clare, Ireland Crusheen, County Clare, Ireland Ennis, County Clare, Ireland Miltown Malbay, County Clare, Ireland Newmarket on Fergus, County Clare, Ireland Shannon, County Clare, Ireland",https://www.facebook.com/profile.php?id=61564788114218,,leanne99r@gmail.com
The Unrelated Auntie- Messy Play Group (facilitated by a play therapist),Sensory/Messy Play,"Kerry, County Kerry, Ireland",https://totsspots.com/listing/the-unrelated-auntie-messy-play-group-facilitated-by-a-play-therapist/,,TheUnrelatedAuntie@hotmail.com
The Wonder Years Play & Mindfulness,Sensory/Messy Play,"Gallowshill, Kilkenny, R95 EW82, Ireland",https://totsspots.com/listing/the-wonder-years-play-mindfulness-2/,,ruth@thewonderyearsplay.com
The Wonder Years Play & Mindfulness,"Sensory/Messy Play, Baby & Toddler Group","Knocknamoe, County Laois, R32 H3K8, Ireland",https://bookwhen.com/thewonderyearsplay,,ruth@thewonderyearsplay.com
Bloom Baby Classes - Midlands,"Sensory/Messy Play, Movement & Play","Mucklagh, County Offaly, R35 DN02, Ireland Granard Rd, Aghafin, Edgeworthstown, Co. Longford, Ireland Ballymahon Rd, Cloghanboy, Athlone, Co. Westmeath, Ireland Springfield Or Spittlefield, Mullingar, County Westmeath, N91 PX22, Ireland",https://bloombabyclasses.com/midlands-ireland/events-timetable-booking/,,
Toddler Sense Cork,"Sensory/Messy Play, Movement & Play","Monfieldstown, Cork, T12 ER22, Ireland Townparks, Midleton, County Cork, P25 YT50, Ireland Ballincollig, Cork, P31 DH58, Ireland",https://www.toddlersense.ie/cork/home,0834027649,cork@toddlersense.ie
The Wriggles and Giggles,"Sensory/Messy Play, Movement & Play, Playgroups, Dance, Music","Carlow, Ireland Kilkenny, Ireland",https://www.instagram.com/the_wriggles_and_giggles?igsh=YjJ1azh0YnF6ZGUy,,carlowminimovers@gmail.com
Toddle On,"Social, For Parents, Baby & Toddler Group, Playgroups, Art & Crafts, Baby Massage, Sign Language, Storytime, Sensory/Messy Play, Movement & Play","Pinewood Business Park, Whitemill North, Wexford, Ireland",https://www.toddleon.ie,+353852006235,toddle.on@hotmail.com
Leopardstown Lawn Tennis Club,Sports,"Leopardstown Tennis Club, Leopardstown, Dublin 18",https://www.leopardstowntennisclub.ie/,,
West Wood Club Leopardstown,Sports,"West Wood Tennis Centre, Leopardstown Racecourse, Foxrock, Dublin 18",https://westwood.ie/,,
Banagher Library,Storytime,"Curraghavarna And Portavolla, County Offaly, R42 XY40, Ireland",https://www.offaly.ie/banagher-library/,+353 (57) 9151471,banagherlibrary@offalycoco.ie
New Ross Library,Storytime,"New Ross, County Wexford, Y34 NW56, Ireland",https://www.wexfordcoco.ie/libraries/opening-hours-and-branches/new-ross-library,+353 51 421877,newrosslibrary@wexfordcoco.ie
Shannon Baby & Toddler Storytime Groups - Shannon Library,"Storytime, Baby & Toddler Group","Tullyvarraga, Shannon, County Clare, V14 WK50, Ireland",https://clarelibraries.ie/events/?event_page=4&event_cs_location=shannon-library,061364266,shannonlibrary@clarecoco.ie
Thurles / Roscrea / Cashel /Tipperary Town Toddler Group Story Time,"Storytime, Baby & Toddler Group","Townparks, County Tipperary, E53 N129, Ireland Thurles Townparks, Thurles, County Tipperary, E41 K802, Ireland Carrownreddy, Tipperary, E34 KP60, Ireland Townparks, Carrick-on-Suir, County Tipperary, E32 X860, Ireland",https://www.tipperarylibraries.ie/branches/,,
Bunclody Library,"Storytime, Reading/Writing","Carrickduff, County Carlow, Y21 E970, Ireland",https://www.wexfordcoco.ie/libraries/opening-hours-and-branches/bunclody-library,+353 53 9375466,bunclodylibrary@wexfordcoco.ie
KidLit Creators - Creative writing for kids!,"Storytime, Reading/Writing","Glounthaune, County Cork, Ireland Carrigtwohill, County Cork, Ireland",https://www.instagram.com/kidlitcreators?igsh=MTlpZTBoY3JoYmRldA%3D%3D&utm_source=qr,0872812734,kidlitcreators@hotmail.com
Ballinasloe Library - Story time for toddlers to under 5s,"Storytime, Reading/Writing, Baby & Toddler Group","Townparks, Ballinasloe, County Galway, H53 T320, Ireland",https://galway.spydus.ie./cgi-bin/spydus.exe/MSGTRN/WPAC/HOME,091 509551,ballinasloe@galwaylibrary.ie
Galway City Library - Baby & Toddler Group,"Storytime, Reading/Writing, Baby & Toddler Group","Galway, H91 R6WF, Ireland",https://galway.spydus.ie./cgi-bin/spydus.exe/MSGTRN/WPAC/HOME,091 509094,city@galwaylibrary.ie
Oranmore Library - Story time for toddlers to under 5s,"Storytime, Reading/Writing, Baby & Toddler Group","Oran More, Oranmore, County Galway, H91 PC59, Ireland",https://galway.spydus.ie./cgi-bin/spydus.exe/MSGTRN/WPAC/HOME,091 792117,oranmore@galwaylibrary.ie
Westside Library - Toddler Story Group,"Storytime, Reading/Writing, Baby & Toddler Group","Seamus Quirke Rd, Galway, Ireland",https://galway.spydus.ie./cgi-bin/spydus.exe/MSGTRN/WPAC/HOME,,westside@galwaylibrary.ie
Tullamore Library,"Storytime, STEM, Reading/Writing, Playgroups, Art & Crafts, Breast Feeding","Tullamore, County Offaly, R35 X226, Ireland",https://www.offaly.ie/tullamore-library/,+353 (57) 9346832,tullamorelibrary@offalycoco.ie
Finglas Sensory Sessions/ Baby Book Club - Finglas Library,"Storytime, Social, Baby & Toddler Group","Seamus Ennis Road, Finglas East, Dublin 11, Ireland",https://www.dublincity.ie/events?type=223&event_date_end=1&keys=finglas,01 222 8330,finglaslibrary@dublincity.ie
Aura Leisure Centre,Swimming,"Marley's Ln, Rathmullan, Drogheda, Co. Louth, Ireland St Alphonsus Rd, Marshes Lower, Dundalk, Co. Louth, Ireland Corbally Rd, Grove Island, Limerick, Ireland Sallaghagrane, County Donegal, Ireland Newhaggard Rd, Manorland (2nd Division), Trim, Co. Meath, Ireland Youghal, Co. Cork, Ireland Hop Hill Ave., Tullamore, County Offaly, Ireland Windtown Rd, Windtown, Navan, Co. Meath, Ireland Saint Vincents Centre, Navan Rd, Ashtown, Dublin 7, Ireland",https://www.auraleisure.ie/location/,,
Swim Max - Baby & Parent Group Swimming Lessons in Limerick,Swimming,"Unit 5A, Delta Retail Park, Ballysimon Rd, Crossagalla, Limerick, Ireland. V94YW58",https://www.swimmax.ie/,061 545454,swim@swimmax.ie
Swim Max - Private Swimming Lessons in Limerick,Swimming,"Crossagalla, Limerick, V94 YW58, Ireland",https://www.swimmax.ie/,061 545454,swim@swimmax.ie
Swimtastic.ie,Swimming,"10 Kellyville Park, Kylekiproe, Portlaoise, Co. Laois, Ireland Kilkenny, Ireland Killerig, County Carlow, Ireland Killashee, County Kildare, Ireland",https://swimtastic.ie/,0598647010,splash@swimtastic.ie
Turtle Tots,Swimming,"Fitzpatrick Castle Hotel Killiney Royal Marine Hotel Dún Laoghaire Terenure College, Dublin, D6W DK72, Ireland Clayton Hotel Cardiff Lane Cardiff Lane Hilton Hotel Kilmainham South Circular Rd Sports & Fitness Ballyfermot 10 Blackditch Rd Maldron Hotel Tallaght Whitestown Way CRC Clontarf Penny Ansley Building Clayton Hotel Liffey Valley Fonthill Road Castleknock Hotel Porterstown Road Sports & Fitness Finglas Mellowes Road Sports & Fitness Ballymun Ballymun Rd Clayton Hotel Cork City Lapp's Quay Maldron Hotel Shandon Cork City Ballincollig, Cork, P31 DY93, Ireland",https://www.turtletots.ie/,+353 (0)16933422,jointhefun@turtletots.ie
Turtle Tots Swimming Classes,Swimming,"Cullenagh, County Tipperary, V94 E2D6, Ireland Jigginstown Park, Naas, Co. Kildare, Ireland Castlecomer Rd, Newpark Lower, Kilkenny, R95 KP63, Ireland Jessop St, Maryborough, Portlaoise, Co. Laois, R32 KV20 Townparks, Athy, County Kildare, R14 XD30, Ireland",https://www.turtletots.ie/licensee/turtle-tots-ireland/,,
Turtle Tots Swimming Classes - Cork,Swimming,"Rathgoggan North, Charleville, County Cork, P56 V268, Ireland Centre, Cork, T12 RD6E, Ireland Baltimore, County Cork, P81 C438, Ireland Ditchley House, Castleview, Little Island, Co. Cork, Ireland Main St, Ballincollig, Cork, Ireland",https://www.turtletots.ie/licensee/turtle-tots-ireland/,,
Turtle Tots Swimming Classes - Kerry,Swimming,"Tralee, County Kerry, V92 T6TW, Ireland Sandhill Road, Ballybunnion, County Kerry, Ireland Park, Killarney, County Kerry, V93 FP92, Ireland Ballycasheen, County Kerry, V93 FX00, Ireland Dromtacker House, Dromthacker, Tralee, County Kerry, Ireland",https://www.turtletots.ie/licensee/turtle-tots-ireland/,,
Turtle Tots Swimming Classes - Wexford/Wicklow,Swimming,"Ferrybank, Arklow, County Wicklow, Y14 DX02, Ireland Southknock, New Ross, County Wexford, Y34 KR62, Ireland Townparks, Wexford, Y35 FP9P, Ireland Verosland, New Ross, County Wexford, Y34 X045, Ireland Wexford Bridge, Ferrybank South, Wexford, Ireland",https://www.turtletots.ie/licensee/turtle-tots-ireland/,,
Turtle Tots Swimming Classes -Mayo/Monaghan/Sligo,Swimming,"Drumillard Little, County Monaghan, A75 AP92, Ireland Rathnaconeen, County Mayo, F26 X5P3, Ireland Knockacroghery, County Mayo, F23 A257, Ireland Quay Rd, County Mayo, Ireland Ballincar, County Sligo, F91 XW7Y, Ireland",https://www.turtletots.ie/licensee/turtle-tots-ireland/,,
Turtle Tots Swimming Classes /Louth/Limerick/Laois/Waterford,Swimming,"Boyne Avenue, Newtownstalaban, Drogheda, Co. Louth, Ireland Shandon, Dungarvan, County Waterford, X35 CC97, Ireland Kilbarry, Waterford, X91 AX54, Ireland Maryborough, Portlaoise, County Laois, R32 KV20, Ireland Knock, Limerick, V94 X2RV, Ireland",https://www.turtletots.ie/licensee/turtle-tots-ireland/,,
Water Babies,Swimming,"Ferryhouse, County Tipperary, E91 RF38, Ireland Rockwell, County Tipperary, E25 F886, Ireland Kilcohan, Waterford, X91 PR52, Ireland Newtown, Waterford, X91 XR20, Ireland Dunlo, Ballinasloe, County Galway, H53 F5P9, Ireland Ballindinas, County Wexford, Y35 E8KT, Ireland Townparks, Wexford, Y35 NY68, Ireland",https://www.waterbabies.ie/lessons,,pushtheduck@waterbabies.ie
Water Babies -Dublin,Swimming,"Harold's Cross, Dublin, D6W PP90, Ireland Butterfield, Dublin, D14 R7N0, Ireland Priorswood, Dublin, D17 NW92, Ireland Newtown Blackrock, Dublin, A94 F8D9, Ireland Blanchardstown, Dublin, D15 EA43, Ireland Roganstown, County Dublin, K67 P2E4, Ireland Irishtown, Dublin, D22 X4W6, Ireland Laughanstown, Dublin, D18 FC81, Ireland Abbeyland, County Kildare, W91 YWE0, Ireland Jigginstown, County Kildare, W91 V990, Ireland Betaghstown, County Meath, A92 PY6N, Ireland Graigue, County Laois, R93 KA99, Ireland Cratloemoyle, County Clare, V94 YA2R, Ireland Carrowmoneash, County Galway, H91 K7FA, Ireland",https://www.waterbabies.ie/lessons,,pushtheduck@waterbabies.ie
Donnybrook Lawn,Tennis,"Donnybrook Lawn Tennis Club, Brookvale Road Donnybrook, Dublin 4",https://www.donnybrookltc.ie/,35312692838.0,
Rathgar Tennis Club,Tennis,"Rathgar Tennis Club, Herzog Park, Rathgar, Dublin 6, D06 YH48",https://rathgartennis.ie/,353872330749.0,
Stratford Lawn,Tennis,"Stratford Lawn Tennis Club, Grosvenor Square, Rathmines, Dublin 6",http://stratfordtennis.ie/,,
RINKA Kids Fitness & Wellbeing,"Yoga & Wellness, Athletics, Movement & Play","Moylish, Limerick, V94 EC5T, Ireland",https://www.rinka.ie,089 617 4251,midwest@rinka.ie
Baby Yoga,"Yoga & Wellness, Other, Baby & Toddler Group","Nenagh, County Tipperary, Ireland",http://www.brownbearwellness.ie,089 436 2634,hello@brownbearwellness.ie
