company_name(s),dead_url,error_or_status,confidence_dead,working_alternate,alternate_type
Alix Gardner's Cookery School,https://www.dublincookery.com/cookery-workshops-for-children/,HTTP Error 404: Not Found,HIGH - page not found (404),,
Baby Massage with Kathryn,https://www.facebook.com/share/1BVRyYhpbW/%20https://www.instagram.com/katarchard_infantmassage?igsh=MXhoaGppanNicTR0OQ==,HTTP Error 404: Not Found,HIGH - page not found (404),,
"Belcarra Parent, Baby and Toddler Group",https://www.belcarra.ie/community-futures/,HTTP Error 404: Not Found,HIGH - page not found (404),,
Bloomfield Health & Leisure Club,https://www.bloomfieldhousehotel.ie/swim-lessons.html,HTTP Error 404: Not Found,HIGH - page not found (404),,
Bushy Park Tennis Academy,http://www.bushytennispadel.ie/index.aspx,HTTP Error 404: Not Found,HIGH - page not found (404),,
Clonmel & Cashel Parent and Baby Group,https://clonmelcommunitymother.ie/mother-baby-parent-toddler/,HTTP Error 404: Not Found,HIGH - page not found (404),,
"Clonmel / Cahir Parent, Baby & Toddler Group",https://clonmelcommunitymother.ie/mother-baby-parent-toddler/?fbclid=IwZXh0bgNhZW0CMTAAYnJpZBExdEpvak95U0xFbkJad1RSWQEeeoNimM8kgjZpnmCbCqxXTN_kmMX7SvQ0rjk1hxeWTf5a0nb_9yOIqHQLLiA_aem_6r8M0595DRJfrCoaLCSF5g,HTTP Error 404: Not Found,HIGH - page not found (404),,
Creation Cup,https://www.creationcup.ie,"<urlopen error [Errno 8] nodename nor servname provided, or not known>",HIGH - domain does not exist (DNS failure),https://www.creationcup.com/,DIFFERENT DOMAIN - verify it is the same business
Debbie Allen Dance School,https://www.debbieallendanceschool.com/contact.html,"<urlopen error [Errno 8] nodename nor servname provided, or not known>",HIGH - domain does not exist (DNS failure),,
Deerpark Tennis Club,https://clubspark.net/deerparkTennisClub,HTTP Error 404: Not Found,HIGH - page not found (404),,
Dimples Baby Massage,https://www.dimplesbabymassage.com/,"<urlopen error [Errno 8] nodename nor servname provided, or not known>",HIGH - domain does not exist (DNS failure),,
"Downstrands Parent, Baby and Toddler Group",https://downstrandsfrc.ie/downstrands-parent-toddler-group/,HTTP Error 404: Not Found,HIGH - page not found (404),,
Dungloe Letterkenny Outdoor Toddler Group,https://www.playmatters.ie/,"<urlopen error [Errno 8] nodename nor servname provided, or not known>",HIGH - domain does not exist (DNS failure),https://www.playmatters.com/,DIFFERENT DOMAIN - verify it is the same business
"Dunlavin Parent, Baby and Toddler Group",https://www.kildaresteinerschool.ie/siologa-parent-and-child-programme/,HTTP Error 404: Not Found,HIGH - page not found (404),,
"Enniskerry Parent, Baby and Toddler Group",https://enniskerry.ie/g/mums-n-tots/,HTTP Error 404: Not Found,HIGH - page not found (404),,
First Swim,https://firstswim.ie/contact-us/,HTTP Error 404: Not Found,HIGH - page not found (404),,
"Glenties Parent, Baby and Toddler Group",https://downstrandsfrc.ie/glenties-parent-toddler-group/,HTTP Error 404: Not Found,HIGH - page not found (404),,
KidCREATE Arts & Crafts,https://www.kidcreate.ie,HTTP Error 404: Not Found,HIGH - page not found (404),https://www.kidcreate.com/,DIFFERENT DOMAIN - verify it is the same business
"Lecanvey Parent, Baby and Toddler Group",https://www.lecanveycommunitycentre.ie/events/toddler-parent-group/,HTTP Error 404: Not Found,HIGH - page not found (404),,
Little Kickers,https://www.littlekickers.ie/index,HTTP Error 404: Not Found,HIGH - page not found (404),,
Monaghan Toddler Group - Teach Na nDaoine,https://teachnadaoinefrc.com/our-supports/,HTTP Error 404: Not Found,HIGH - page not found (404),,
Mucky Picnic,https://muckypicnic.com,"<urlopen error [Errno 8] nodename nor servname provided, or not known>",HIGH - domain does not exist (DNS failure),,
Parent and Toddler Lego Class,https://www.bricks4kidz.ie/fingal/parent-toddler-classes-malahide/,HTTP Error 410: Gone,HIGH - server says permanently removed (410 Gone),,
Raphoe Family Resource Centre Toddler Group,https://raphoefrc.ie/little-smiles-with-big-dreams-toddler-group-2,HTTP Error 404: Not Found,HIGH - page not found (404),,
"Sligo Parent, Baby and Toddler Group",https://sligofamilyresourcecentre.org/parent-and-toddler-group/,HTTP Error 404: Not Found,HIGH - page not found (404),,
Stagekidz Academy,https://stagekidzacademy.com,"<urlopen error [Errno 8] nodename nor servname provided, or not known>",HIGH - domain does not exist (DNS failure),https://stagekidzacademy.ie/,DIFFERENT DOMAIN - verify it is the same business
Turtle Tots Dublin,https://www.turtletots.ie/licensee/turtle-tots-dublin/,HTTP Error 404: Not Found,HIGH - page not found (404),,
Turtle Tots Swimming Classes - Cork; Turtle Tots Swimming Classes - Kerry; Turtle Tots Swimming Classes; Turtle Tots Swimming Classes /Louth/Limerick/Laois/Waterford; Turtle Tots Swimming Classes -Mayo/Monaghan/Sligo; Turtle Tots Swimming Classes - Wexford/Wicklow,https://www.turtletots.ie/licensee/turtle-tots-ireland/,HTTP Error 404: Not Found,HIGH - page not found (404),,
ZenDen,https://www.zendenstudio.ie/,"<urlopen error [Errno 8] nodename nor servname provided, or not known>",HIGH - domain does not exist (DNS failure),https://www.zendenstudio.com/,DIFFERENT DOMAIN - verify it is the same business
"Ashbourne Library Parent, Baby and Toddler Group",https://www.meath.ie/events?keywords=&type%5B%5D=907,<urlopen error [SSL: CERTIFICATE_VERIFY_FAILED] certificate verify failed: unable to get local issuer certificate (_ssl.c:1082)>,MEDIUM - site up but broken/expired SSL certificate,,
Ballinasloe Library - Story time for toddlers to under 5s; Ballybane Library - Toddler Group / Junior Book Club; Galway City Library - Baby & Toddler Group; Oranmore Library - Story time for toddlers to under 5s; Portumna Library - Toddler (up to 5) Storytime / Lego Group; Tuam Library - Baby and Toddler Group; Tuam Library - Toddler Group/ Breastfeeding Group/ Storytime; Westside Library - Toddler Story Group,https://galway.spydus.ie./cgi-bin/spydus.exe/MSGTRN/WPAC/HOME,"<urlopen error [SSL: CERTIFICATE_VERIFY_FAILED] certificate verify failed: Hostname mismatch, certificate is not valid for 'galway.spydus.ie.'. (_ssl.c:1082)>",MEDIUM - site up but broken/expired SSL certificate,http://galway.spydus.ie./cgi-bin/spydus.exe/MSGTRN/WPAC/HOME,same domain (safe)
Callan Kilkenny - Baby & Toddler Group- Droichead Family Resource Centre,https://droicheadfrc.ie/,HTTP Error 503: Service Temporarily Unavailable,MEDIUM - server error (could be transient),,
Finglas Baby & Toddler Groups /Breastfeeding /Baby Massage,https://4familiesinfinglas.ie/st-helenas-family-resource-centre/,"<urlopen error [SSL: CERTIFICATE_VERIFY_FAILED] certificate verify failed: Hostname mismatch, certificate is not valid for '4familiesinfinglas.ie'. (_ssl.c:1082)>",MEDIUM - site up but broken/expired SSL certificate,,
"Knockanrawley Parent, Baby & Toddler Group",https://knockanrawley.ie/community-programme/,HTTP Error 500: Internal Server Error,MEDIUM - server error (could be transient),,
Mini Athletics Dundalk Drogheda and Swords,https://ie.miniathletics.com,"<urlopen error [SSL: CERTIFICATE_VERIFY_FAILED] certificate verify failed: Hostname mismatch, certificate is not valid for 'ie.miniathletics.com'. (_ssl.c:1082)>",MEDIUM - site up but broken/expired SSL certificate,http://ie.miniathletics.com/,same domain (safe)
Navan Library Parent and Toddler Group,https://www.meath.ie/council/events/navan-parent-and-toddler-storytime,<urlopen error [SSL: CERTIFICATE_VERIFY_FAILED] certificate verify failed: unable to get local issuer certificate (_ssl.c:1082)>,MEDIUM - site up but broken/expired SSL certificate,,
Neuroverse Explorers,https://beeutifulminds.ie,<urlopen error [SSL: CERTIFICATE_VERIFY_FAILED] certificate verify failed: self-signed certificate (_ssl.c:1082)>,MEDIUM - site up but broken/expired SSL certificate,https://www.beeutifulminds.ie/,same domain (safe)
Oldcastle Library Parent and Toddler Group,https://www.meath.ie/council/events/oldcastle-parent-toddler-group,<urlopen error [SSL: CERTIFICATE_VERIFY_FAILED] certificate verify failed: unable to get local issuer certificate (_ssl.c:1082)>,MEDIUM - site up but broken/expired SSL certificate,,
"Ramsgrange Parent, Baby and Toddler Group",http://swwfrc.ie/family-supports-swwfrc/the-parent-and-toddler-group/,<urlopen error [SSL: CERTIFICATE_VERIFY_FAILED] certificate verify failed: certificate has expired (_ssl.c:1082)>,MEDIUM - site up but broken/expired SSL certificate,,
"Tallaght Parent, Baby and Toddler Group -St Kevin's Family Resource Centre",https://stkevinsfrc.ie/support/parent-toddler-group/,HTTP Error 500: Internal Server Error,MEDIUM - server error (could be transient),,
"Trim Library Baby, Toddler and Kids Groups",https://www.meath.ie/events?keywords=&type%5B0%5D=919&ends=2024-07-07T10%3A29%3A48Z&location=&page=0,<urlopen error [SSL: CERTIFICATE_VERIFY_FAILED] certificate verify failed: unable to get local issuer certificate (_ssl.c:1082)>,MEDIUM - site up but broken/expired SSL certificate,,
www.birthandbaby.ie,https://www.birthandbaby.ie/,"<urlopen error [SSL: CERTIFICATE_VERIFY_FAILED] certificate verify failed: Hostname mismatch, certificate is not valid for 'www.birthandbaby.ie'. (_ssl.c:1082)>",MEDIUM - site up but broken/expired SSL certificate,https://www.birthandbaby.com/,DIFFERENT DOMAIN - verify it is the same business
Balcultry Stables,https://balcultrystables.ie/,The read operation timed out,"LOW-MEDIUM - timed out, could be slow server or genuinely down",,
"Ballyhea Parent, Baby & Toddler Group",https://totsspots.com/listing/ballyhea-parent-baby-toddler-group/,The read operation timed out,"LOW-MEDIUM - timed out, could be slow server or genuinely down",https://www.totsspots.com/listing/ballyhea-parent-baby-toddler-group/,same domain (safe)
"Carrigaline Parent, Baby & Toddler Group",https://totsspots.com/listing/carrigaline-parent-toddler-group/,The read operation timed out,"LOW-MEDIUM - timed out, could be slow server or genuinely down",https://www.totsspots.com/listing/carrigaline-parent-toddler-group/,same domain (safe)
"Clondalkin Parent, Baby and Toddler Group",https://totsspots.com/listing/clondalkin-parent-baby-toddler-group/,The read operation timed out,"LOW-MEDIUM - timed out, could be slow server or genuinely down",https://www.totsspots.com/listing/clondalkin-parent-baby-toddler-group/,same domain (safe)
"Corramartin/Aughnasheelin Parent, Baby & Toddler Group",https://totsspots.com/listing/corramartin-aughnasheelin-baby-toddler-group/,The read operation timed out,"LOW-MEDIUM - timed out, could be slow server or genuinely down",https://www.totsspots.com/listing/corramartin-aughnasheelin-baby-toddler-group/,same domain (safe)
Craughwell Baby & Toddler Group,https://totsspots.com/listing/craughwell-parent-baby-toddler-group/,The read operation timed out,"LOW-MEDIUM - timed out, could be slow server or genuinely down",https://www.totsspots.com/listing/craughwell-parent-baby-toddler-group/,same domain (safe)
"Glengoole Parent, Baby & Toddler Group",https://mfrc.ie/,The read operation timed out,"LOW-MEDIUM - timed out, could be slow server or genuinely down",https://mfrc.com/,DIFFERENT DOMAIN - verify it is the same business
"Gorey Parent, Baby and Toddler Group",https://gyng.ie/wp/yolos/parent-and-toddler/,The read operation timed out,"LOW-MEDIUM - timed out, could be slow server or genuinely down",https://gyng.com/wp/yolos/parent-and-toddler/,DIFFERENT DOMAIN - verify it is the same business
"Little Folk Music for Babies, Toddlers & Young Children",https://kylejamesriley.com/,The read operation timed out,"LOW-MEDIUM - timed out, could be slow server or genuinely down",http://kylejamesriley.com/,same domain (safe)
Little Learners Holistics,https://totsspots.com/listing/little-learners-holistics/,The read operation timed out,"LOW-MEDIUM - timed out, could be slow server or genuinely down",http://totsspots.com/listing/little-learners-holistics/,same domain (safe)
Mooncoin Kilkenny - Baby & Toddler Group,https://totsspots.com/listing/mooncoin-kilkenny-baby-toddler-group/,The read operation timed out,"LOW-MEDIUM - timed out, could be slow server or genuinely down",http://totsspots.com/listing/mooncoin-kilkenny-baby-toddler-group/,same domain (safe)
"Moyvane Parent, Baby & Toddler Group",https://totsspots.com/listing/moyvane-parent-baby-toddler-group/,The read operation timed out,"LOW-MEDIUM - timed out, could be slow server or genuinely down",http://totsspots.com/listing/moyvane-parent-baby-toddler-group/,same domain (safe)
North Wexford Parent and Toddler Group,https://totsspots.com/listing/north-wexford-parent-and-toddler-group/,The read operation timed out,"LOW-MEDIUM - timed out, could be slow server or genuinely down",https://www.totsspots.com/listing/north-wexford-parent-and-toddler-group/,same domain (safe)
Philipstown Baby and Toddler Group,https://totsspots.com/listing/philipstown-baby-and-toddler-group/,The read operation timed out,"LOW-MEDIUM - timed out, could be slow server or genuinely down",http://totsspots.com/listing/philipstown-baby-and-toddler-group/,same domain (safe)
Rathanna Parent & Toddler Group/ Walking Group Carlow,https://totsspots.com/listing/rathanna-parent-toddler-group/,The read operation timed out,"LOW-MEDIUM - timed out, could be slow server or genuinely down",https://www.totsspots.com/listing/rathanna-parent-toddler-group/,same domain (safe)
Renmore Parent Baby & Toddler Group,https://totsspots.com/listing/renmore-parent-baby-toddler-group/,The read operation timed out,"LOW-MEDIUM - timed out, could be slow server or genuinely down",http://totsspots.com/listing/renmore-parent-baby-toddler-group/,same domain (safe)
"Rockchapel Parent, Baby & Toddler Group",https://totsspots.com/listing/rockchapel-baby-toddler-group/,The read operation timed out,"LOW-MEDIUM - timed out, could be slow server or genuinely down",https://www.totsspots.com/listing/rockchapel-baby-toddler-group/,same domain (safe)
"Sandyford Parent, Baby & Toddler Group",https://totsspots.com/listing/sandyford-parent-toddler-group/,The read operation timed out,"LOW-MEDIUM - timed out, could be slow server or genuinely down",https://www.totsspots.com/listing/sandyford-parent-toddler-group/,same domain (safe)
"Shanakill Tralee Parent, Baby & Toddler Group",https://totsspots.com/listing/shanakill-parent-baby-toddler-group/,The read operation timed out,"LOW-MEDIUM - timed out, could be slow server or genuinely down",https://www.totsspots.com/listing/shanakill-parent-baby-toddler-group/,same domain (safe)
"Shercock Parent, Baby and Toddler Group",https://totsspots.com/listing/shercock-parent-baby-and-toddler-group/,The read operation timed out,"LOW-MEDIUM - timed out, could be slow server or genuinely down",http://totsspots.com/listing/shercock-parent-baby-and-toddler-group/,same domain (safe)
The Irish National Sailing & Powerboat School,https://courses.inss.ie/contact-us/,The read operation timed out,"LOW-MEDIUM - timed out, could be slow server or genuinely down",http://courses.inss.ie/contact-us/,same domain (safe)
Tiny Tornados,https://totsspots.com/listing/messy-play-limerick-tipperary/,The read operation timed out,"LOW-MEDIUM - timed out, could be slow server or genuinely down",https://www.totsspots.com/listing/messy-play-limerick-tipperary/,same domain (safe)
BabyGrá - Baby Massage & Yoga Cork,https://www.babygra.ie,HTTP Error 403: Forbidden,"LOW - site blocking automated checks, may be fine in a real browser",,
Balbriggan baby and toddler group,https://www.facebook.com/share/twcnxn7mpYaHLXCj/,HTTP Error 400: Bad Request,"LOW - likely just Facebook blocking automated checks, probably fine",,
"Bree Enniscorthy Parent, Baby and Toddler Group",https://www.independent.ie/regionals/wexford/enniscorthy-news/localnotes/around-the-districts-bree-galbally-to-kiltealy-ballindaggin/a1010161768.html,HTTP Error 403: Forbidden,"LOW - site blocking automated checks, may be fine in a real browser",https://independent.ie/regionals/wexford/enniscorthy-news/localnotes/around-the-districts-bree-galbally-to-kiltealy-ballindaggin/a1010161768.html,same domain (safe)
Bumps & Bainne Baby Massage Classes,https://buytickets.at/bumpsbainne/2252232,HTTP Error 403: Forbidden,"LOW - site blocking automated checks, may be fine in a real browser",http://buytickets.at/bumpsbainne/2252232,same domain (safe)
Carrickmacross Parents & Tots,https://www.facebook.com/ParentsTotsCBC/,HTTP Error 400: Bad Request,"LOW - likely just Facebook blocking automated checks, probably fine",,
Castleisland Parent and Toddler Group in Kerry,https://www.facebook.com/castleislandparentandtoddlergroup/about,HTTP Error 400: Bad Request,"LOW - likely just Facebook blocking automated checks, probably fine",,
Dad and Baby Massage with Melanie Murphy Infant Massage,https://www.facebook.com/profile.php?id=100086975242986&sk=about,HTTP Error 400: Bad Request,"LOW - likely just Facebook blocking automated checks, probably fine",,
Enfield Parent & Toddler Group,https://www.facebook.com/groups/306898116445743/discussion/preview,HTTP Error 400: Bad Request,"LOW - likely just Facebook blocking automated checks, probably fine",,
FREE Parent and Toddler Groups (Dundalk and Drogheda),https://www.facebook.com/LouthABCProgramme/,HTTP Error 400: Bad Request,"LOW - likely just Facebook blocking automated checks, probably fine",,
Kellystown Riding School,http://www.kellystownridingschool.com/,HTTP Error 403: Forbidden,"LOW - site blocking automated checks, may be fine in a real browser",,
Kentstown Parent & Toddler Group,https://www.facebook.com/p/Kentstown-Toddler-and-Baby-Group-100067292811547/,HTTP Error 400: Bad Request,"LOW - likely just Facebook blocking automated checks, probably fine",,
"Killybegs Parent, Baby and Toddler Group",https://www.facebook.com/profile/100064632253690/search/?q=toddler,HTTP Error 400: Bad Request,"LOW - likely just Facebook blocking automated checks, probably fine",,
Music 4 Tots,https://www.facebook.com/musicmovement4tots/,HTTP Error 400: Bad Request,"LOW - likely just Facebook blocking automated checks, probably fine",,
Nurture and Play,https://www.facebook.com/profile.php?id=61565478435216,HTTP Error 400: Bad Request,"LOW - likely just Facebook blocking automated checks, probably fine",,
"Oughterard / Clann / Corrib Parent, Baby & Toddler Group",http://clannrescentre.com/activities/children-activities/corrib-baby-and-toddler/,HTTP Error 400: Bad Request,"LOW - site blocking automated checks, may be fine in a real browser",,
Phibsboro Toddler Storytime Group - Phibsboro Library,https://www.dublincity.ie/events/toddler-storytime-phibsboro-library,HTTP Error 403: Forbidden,"LOW - site blocking automated checks, may be fine in a real browser",https://dublincity.ie/events/toddler-storytime-phibsboro-library,same domain (safe)
Sense of Wonder Sensory Play,https://www.facebook.com/profile.php?id=61564788114218,HTTP Error 400: Bad Request,"LOW - likely just Facebook blocking automated checks, probably fine",,
Study Skills course (online),https://Emeraldeducationcentrebundoran.com.com,HTTP Error 403: Forbidden,"LOW - site blocking automated checks, may be fine in a real browser",,
Summerhill Baby and Toddler Group,https://www.facebook.com/summerhillbabyandtoddlergroup/,HTTP Error 400: Bad Request,"LOW - likely just Facebook blocking automated checks, probably fine",,
Suzuki Violin and Fiddle Classes with Caitriona,https://www.facebook.com/suzukiviolinennis,HTTP Error 400: Bad Request,"LOW - likely just Facebook blocking automated checks, probably fine",,
Toddler Group Tallaght,https://facebook.com/killinardenFRC,HTTP Error 400: Bad Request,"LOW - likely just Facebook blocking automated checks, probably fine",,
Tummy Time for babies,https://www.facebook.com/profile.php?id=61550026827173,HTTP Error 400: Bad Request,"LOW - likely just Facebook blocking automated checks, probably fine",,
Universal Rhythmic Gymnastics Club -Salthill,https://www.facebook.com/profile.php?id=61566883178839,HTTP Error 400: Bad Request,"LOW - likely just Facebook blocking automated checks, probably fine",,
Watergrasshill Playgroup,https://www.facebook.com/share/577zzhoQSn4Hu6GA/,HTTP Error 400: Bad Request,"LOW - likely just Facebook blocking automated checks, probably fine",,
National Gallery of Ireland,https://National%20Concert%20Hall,URL can't contain control characters. 'National Concert Hall' (found at least ' '),UNKNOWN,,
